1_Freq_Hz,1_EpsReal,1_TanDelta,1_Thickness_mm,2_Freq_Hz,2_EpsReal,2_TanDelta,2_Thickness_mm,3_Freq_Hz,3_EpsReal,3_TanDelta,3_Thickness_mm
140000000000,2.719097677,0.007483142,NaN,140000000000,2.733555663,0.007516765,NaN,140000000000,2.718380091,0.007488403,NaN
140100000000,2.717198693,0.007547796,NaN,140100000000,2.731816841,0.007581601,NaN,140100000000,2.716694727,0.007581406,NaN
140200000000,2.716089283,0.007824122,NaN,140200000000,2.730585782,0.007811577,NaN,140200000000,2.715604737,0.007848157,NaN
140300000000,2.714069103,0.007748224,NaN,140300000000,2.728398598,0.007663841,NaN,140300000000,2.713281662,0.007750559,NaN
140400000000,2.713055346,0.006591976,NaN,140400000000,2.727865157,0.006482443,NaN,140400000000,2.71235759,0.006586428,NaN
140500000000,2.711983303,0.006434618,NaN,140500000000,2.726546628,0.006332943,NaN,140500000000,2.711136004,0.006407746,NaN
140600000000,2.716198745,0.005327402,NaN,140600000000,2.731126031,0.005256604,NaN,140600000000,2.715444877,0.005272881,NaN
140700000000,2.717537003,0.006631963,NaN,140700000000,2.732151714,0.006530538,NaN,140700000000,2.716682317,0.006559078,NaN
140800000000,2.717793059,0.00742336,NaN,140800000000,2.732395039,0.00737774,NaN,140800000000,2.717087837,0.007376299,NaN
140900000000,2.715956811,0.008116718,NaN,140900000000,2.730303025,0.007987908,NaN,140900000000,2.714963209,0.008076673,NaN
141000000000,2.713333914,0.007968223,NaN,141000000000,2.727983342,0.007797361,NaN,141000000000,2.71244424,0.007930024,NaN
141100000000,2.712238101,0.007114714,NaN,141100000000,2.727116782,0.006972165,NaN,141100000000,2.711623307,0.007085046,NaN
141200000000,2.71285012,0.006333764,NaN,141200000000,2.727629444,0.006273908,NaN,141200000000,2.712112041,0.006301916,NaN
141300000000,2.713578584,0.005976372,NaN,141300000000,2.728188235,0.005902989,NaN,141300000000,2.712752573,0.005983803,NaN
141400000000,2.713775875,0.005422878,NaN,141400000000,2.728610226,0.005433227,NaN,141400000000,2.712943274,0.005446278,NaN
141500000000,2.716567242,0.005327681,NaN,141500000000,2.731249701,0.005488722,NaN,141500000000,2.715638809,0.005343228,NaN
141600000000,2.716259775,0.004463522,NaN,141600000000,2.730659879,0.004545095,NaN,141600000000,2.715370133,0.004573429,NaN
141700000000,2.720520322,0.004952802,NaN,141700000000,2.735095505,0.005075923,NaN,141700000000,2.719752803,0.005047031,NaN
141800000000,2.721827695,0.005984925,NaN,141800000000,2.736260859,0.006144341,NaN,141800000000,2.721125386,0.006071797,NaN
141900000000,2.720774241,0.007268851,NaN,141900000000,2.73478191,0.007411118,NaN,141900000000,2.720065032,0.007376645,NaN
142000000000,2.7185785,0.007570472,NaN,142000000000,2.732543078,0.007696822,NaN,142000000000,2.717753485,0.007670382,NaN
142100000000,2.7166523,0.007641919,NaN,142100000000,2.730432365,0.007716771,NaN,142100000000,2.715478143,0.007710093,NaN
142200000000,2.714434846,0.007497646,NaN,142200000000,2.728511409,0.007563968,NaN,142200000000,2.713396596,0.007598493,NaN
142300000000,2.713907311,0.00692354,NaN,142300000000,2.727958135,0.006941944,NaN,142300000000,2.712857451,0.007004533,NaN
142400000000,2.713655525,0.006734461,NaN,142400000000,2.727835627,0.006737139,NaN,142400000000,2.712626064,0.006783141,NaN
142500000000,2.715122172,0.005781404,NaN,142500000000,2.729021567,0.005793261,NaN,142500000000,2.714055023,0.005788931,NaN
142600000000,2.715129171,0.006345894,NaN,142600000000,2.72903176,0.006305094,NaN,142600000000,2.713970094,0.006333836,NaN
142700000000,2.718150759,0.00581983,NaN,142700000000,2.731931966,0.00583977,NaN,142700000000,2.717220512,0.005791667,NaN
142800000000,2.717319451,0.007112272,NaN,142800000000,2.730961264,0.007051794,NaN,142800000000,2.71659526,0.007069553,NaN
142900000000,2.716030635,0.007392071,NaN,142900000000,2.729896121,0.007309357,NaN,142900000000,2.715242813,0.007464148,NaN
143000000000,2.713953991,0.007140956,NaN,143000000000,2.728139492,0.007076715,NaN,143000000000,2.713106185,0.00722984,NaN
143100000000,2.713329411,0.006779257,NaN,143100000000,2.727467852,0.006735075,NaN,143100000000,2.712297318,0.006864943,NaN
143200000000,2.713423323,0.006450326,NaN,143200000000,2.727328649,0.006463654,NaN,143200000000,2.712525397,0.006531513,NaN
143300000000,2.713959397,0.006317011,NaN,143300000000,2.727630473,0.006310465,NaN,143300000000,2.712911714,0.006397348,NaN
143400000000,2.714516602,0.005824431,NaN,143400000000,2.728408336,0.005806662,NaN,143400000000,2.713485437,0.005909663,NaN
143500000000,2.715075051,0.005602162,NaN,143500000000,2.729044173,0.005660471,NaN,143500000000,2.714089862,0.005666499,NaN
143600000000,2.717728667,0.005831376,NaN,143600000000,2.731538028,0.005929146,NaN,143600000000,2.716669575,0.005897706,NaN
143700000000,2.717212937,0.006057323,NaN,143700000000,2.730674951,0.006188162,NaN,143700000000,2.715982612,0.006135731,NaN
143800000000,2.719122589,0.006410784,NaN,143800000000,2.732485198,0.006587149,NaN,143800000000,2.717910345,0.006471696,NaN
143900000000,2.718920182,0.007216114,NaN,143900000000,2.73210845,0.007369847,NaN,143900000000,2.717330884,0.007286291,NaN
144000000000,2.7159721,0.007857711,NaN,144000000000,2.728923004,0.007903992,NaN,144000000000,2.714476692,0.007930262,NaN
144100000000,2.714505711,0.007176726,NaN,144100000000,2.727593209,0.007169691,NaN,144100000000,2.712796516,0.007221879,NaN
144200000000,2.71456346,0.006559146,NaN,144200000000,2.727852501,0.006549638,NaN,144200000000,2.713020242,0.006579337,NaN
144300000000,2.715390083,0.006204539,NaN,144300000000,2.728709586,0.00621868,NaN,144300000000,2.713672457,0.006224643,NaN
144400000000,2.715888657,0.006166756,NaN,144400000000,2.729389293,0.006199777,NaN,144400000000,2.714411591,0.006181716,NaN
144500000000,2.717053985,0.006471169,NaN,144500000000,2.730424556,0.006514301,NaN,144500000000,2.715293084,0.006478707,NaN
144600000000,2.717731701,0.006619054,NaN,144600000000,2.731036369,0.006669411,NaN,144600000000,2.716078866,0.006603538,NaN
144700000000,2.716610618,0.007851931,NaN,144700000000,2.729860922,0.007904277,NaN,144700000000,2.715172276,0.007748249,NaN
144800000000,2.713539173,0.007401499,NaN,144800000000,2.726700268,0.007292782,NaN,144800000000,2.712470303,0.007399897,NaN
144900000000,2.713314314,0.007067491,NaN,144900000000,2.726707608,0.006973187,NaN,144900000000,2.711970806,0.007099219,NaN
145000000000,2.712951919,0.006592445,NaN,145000000000,2.726252192,0.006544756,NaN,145000000000,2.711470186,0.006604685,NaN
145100000000,2.712886813,0.005950017,NaN,145100000000,2.726128974,0.005956208,NaN,145100000000,2.711422155,0.005984283,NaN
145200000000,2.713693674,0.0054843,NaN,145200000000,2.72702738,0.005556109,NaN,145200000000,2.712229327,0.005541089,NaN
145300000000,2.715318332,0.005653205,NaN,145300000000,2.728651108,0.005780502,NaN,145300000000,2.713742883,0.005724658,NaN
145400000000,2.715298958,0.006238447,NaN,145400000000,2.728726194,0.006417908,NaN,145400000000,2.71386422,0.006338558,NaN
145500000000,2.714700321,0.006480831,NaN,145500000000,2.727781897,0.006590855,NaN,145500000000,2.713395467,0.00658448,NaN
145600000000,2.71484136,0.006260892,NaN,145600000000,2.727718648,0.006345091,NaN,145600000000,2.713274999,0.006335071,NaN
145700000000,2.715261619,0.006603549,NaN,145700000000,2.728022458,0.006651515,NaN,145700000000,2.713447695,0.00665259,NaN
145800000000,2.713658475,0.006447909,NaN,145800000000,2.726385326,0.006483298,NaN,145800000000,2.711732538,0.006485969,NaN
145900000000,2.714528275,0.006009847,NaN,145900000000,2.727644244,0.006068499,NaN,145900000000,2.712662796,0.006047716,NaN
146000000000,2.714931478,0.00605842,NaN,146000000000,2.727925208,0.006134887,NaN,146000000000,2.713043622,0.006094266,NaN
146100000000,2.714365909,0.005995738,NaN,146100000000,2.727374536,0.006103596,NaN,146100000000,2.71278174,0.006078302,NaN
146200000000,2.715286314,0.005611063,NaN,146200000000,2.728303017,0.005684978,NaN,146200000000,2.713349135,0.005734459,NaN
146300000000,2.716418328,0.00577058,NaN,146300000000,2.729318918,0.005824317,NaN,146300000000,2.71469072,0.005894168,NaN
146400000000,2.717145622,0.006334033,NaN,146400000000,2.729822849,0.006390316,NaN,146400000000,2.715233705,0.006474908,NaN
146500000000,2.717019274,0.006936071,NaN,146500000000,2.729473207,0.007000722,NaN,146500000000,2.715047338,0.007098029,NaN
146600000000,2.71528791,0.007194232,NaN,146600000000,2.728189311,0.00728691,NaN,146600000000,2.713430554,0.00737945,NaN
146700000000,2.715705403,0.007269869,NaN,146700000000,2.728341901,0.007428728,NaN,146700000000,2.713712134,0.007440921,NaN
146800000000,2.712872393,0.007621361,NaN,146800000000,2.725200378,0.007600042,NaN,146800000000,2.711254469,0.007765823,NaN
146900000000,2.71130013,0.006803019,NaN,146900000000,2.724044914,0.006877821,NaN,146900000000,2.709438274,0.007018543,NaN
147000000000,2.712221088,0.005962576,NaN,147000000000,2.724647226,0.006040994,NaN,147000000000,2.709963774,0.006112861,NaN
147100000000,2.713069674,0.005732104,NaN,147100000000,2.725522751,0.005818036,NaN,147100000000,2.71088094,0.00581518,NaN
147200000000,2.714829386,0.005364473,NaN,147200000000,2.726960458,0.005438711,NaN,147200000000,2.712524209,0.005420303,NaN
147300000000,2.71528563,0.005701765,NaN,147300000000,2.727406649,0.005744996,NaN,147300000000,2.712939136,0.005722936,NaN
147400000000,2.716060272,0.006024048,NaN,147400000000,2.72803565,0.005998627,NaN,147400000000,2.713499191,0.006001776,NaN
147500000000,2.715688192,0.00638149,NaN,147500000000,2.727845807,0.006350476,NaN,147500000000,2.713521613,0.006355546,NaN
147600000000,2.715331531,0.00658905,NaN,147600000000,2.727641759,0.006575333,NaN,147600000000,2.712976596,0.006560897,NaN
147700000000,2.714345213,0.006312673,NaN,147700000000,2.726608898,0.006309831,NaN,147700000000,2.712040191,0.006295856,NaN
147800000000,2.713911856,0.006633394,NaN,147800000000,2.726378261,0.006641026,NaN,147800000000,2.711787292,0.00663747,NaN
147900000000,2.713129183,0.006397809,NaN,147900000000,2.725673634,0.00643178,NaN,147900000000,2.710922953,0.00640602,NaN
148000000000,2.713965262,0.005872426,NaN,148000000000,2.726187249,0.005885125,NaN,148000000000,2.711659192,0.005837023,NaN
148100000000,2.713862957,0.00582531,NaN,148100000000,2.726197004,0.005784143,NaN,148100000000,2.711877075,0.005792771,NaN
148200000000,2.715371062,0.005478773,NaN,148200000000,2.727620037,0.005606971,NaN,148200000000,2.713457358,0.005534425,NaN
148300000000,2.717136448,0.005937025,NaN,148300000000,2.728747216,0.00612187,NaN,148300000000,2.715028967,0.006039106,NaN
148400000000,2.717192889,0.006465512,NaN,148400000000,2.728885927,0.006546408,NaN,148400000000,2.714710956,0.006567086,NaN
148500000000,2.716640505,0.00687493,NaN,148500000000,2.72821095,0.006964505,NaN,148500000000,2.713982892,0.006982818,NaN
148600000000,2.715422041,0.006871787,NaN,148600000000,2.726984023,0.006944562,NaN,148600000000,2.71284089,0.006972618,NaN
148700000000,2.714817815,0.006702259,NaN,148700000000,2.726332499,0.006789927,NaN,148700000000,2.712069223,0.006779718,NaN
148800000000,2.71584383,0.006763465,NaN,148800000000,2.727201058,0.006861395,NaN,148800000000,2.713227023,0.006800906,NaN
148900000000,2.714355057,0.006546027,NaN,148900000000,2.725766697,0.00655033,NaN,148900000000,2.711590513,0.00655599,NaN
149000000000,2.714385058,0.006206597,NaN,149000000000,2.72579449,0.006229315,NaN,149000000000,2.711807065,0.00622256,NaN
149100000000,2.715339197,0.00623802,NaN,149100000000,2.726757993,0.006228217,NaN,149100000000,2.712970172,0.006282481,NaN
149200000000,2.715163683,0.006459372,NaN,149200000000,2.726905411,0.006452145,NaN,149200000000,2.712809711,0.006549719,NaN
149300000000,2.715063116,0.006676737,NaN,149300000000,2.726798147,0.006679188,NaN,149300000000,2.712602644,0.006784608,NaN
149400000000,2.713773746,0.006809284,NaN,149400000000,2.725624837,0.006824236,NaN,149400000000,2.711482825,0.006914648,NaN
149500000000,2.713217111,0.006712405,NaN,149500000000,2.724895044,0.006750035,NaN,149500000000,2.710466797,0.006832748,NaN
149600000000,2.712418071,0.006570102,NaN,149600000000,2.723977652,0.006588841,NaN,149600000000,2.709757525,0.006676866,NaN
149700000000,2.711937679,0.006282169,NaN,149700000000,2.723410596,0.006277426,NaN,149700000000,2.709069648,0.006372406,NaN
149800000000,2.7124295,0.00500225,NaN,149800000000,2.72408303,0.005021878,NaN,149800000000,2.709631747,0.005103468,NaN
149900000000,2.713997724,0.00521982,NaN,149900000000,2.725326223,0.00523493,NaN,149900000000,2.710971917,0.005321674,NaN
150000000000,2.715680346,0.005165096,NaN,150000000000,2.726928107,0.005167834,NaN,150000000000,2.712793451,0.005191519,NaN
150100000000,2.71648267,0.005186818,NaN,150100000000,2.728368967,0.005218159,NaN,150100000000,2.714243311,0.00534814,NaN
150200000000,2.718180333,0.005760076,NaN,150200000000,2.729583037,0.00593632,NaN,150200000000,2.715730304,0.00597276,NaN
150300000000,2.718302248,0.006456122,NaN,150300000000,2.729547595,0.006631128,NaN,150300000000,2.715578805,0.006664051,NaN
150400000000,2.716566446,0.006909547,NaN,150400000000,2.727744379,0.007051995,NaN,150400000000,2.713775266,0.007095252,NaN
150500000000,2.715297459,0.00700515,NaN,150500000000,2.726379104,0.00709736,NaN,150500000000,2.712484835,0.007149605,NaN
150600000000,2.7144485,0.006772297,NaN,150600000000,2.725677177,0.006802792,NaN,150600000000,2.711393991,0.006859635,NaN
150700000000,2.714058749,0.006489849,NaN,150700000000,2.725159866,0.006530503,NaN,150700000000,2.71098715,0.006533246,NaN
150800000000,2.713479935,0.006114194,NaN,150800000000,2.724647303,0.006182497,NaN,150800000000,2.710670081,0.006145342,NaN
150900000000,2.714986332,0.006212892,NaN,150900000000,2.725759941,0.006235269,NaN,150900000000,2.711950328,0.006210632,NaN
151000000000,2.715174867,0.005881071,NaN,151000000000,2.726233563,0.005963734,NaN,151000000000,2.712285067,0.005908005,NaN
151100000000,2.716510786,0.006050783,NaN,151100000000,2.727928246,0.006163932,NaN,151100000000,2.713917375,0.006117281,NaN
151200000000,2.717324703,0.00659033,NaN,151200000000,2.72813977,0.006702745,NaN,151200000000,2.714321545,0.006701262,NaN
151300000000,2.71626732,0.006969142,NaN,151300000000,2.727113844,0.007078801,NaN,151300000000,2.713279631,0.007101736,NaN
151400000000,2.715016259,0.007158296,NaN,151400000000,2.72575162,0.00721755,NaN,151400000000,2.711907016,0.007285797,NaN
151500000000,2.713431859,0.006970331,NaN,151500000000,2.724352566,0.006979413,NaN,151500000000,2.710319985,0.0070784,NaN
151600000000,2.713709386,0.00644921,NaN,151600000000,2.724554958,0.00646917,NaN,151600000000,2.710407458,0.006543623,NaN
151700000000,2.713524023,0.006204937,NaN,151700000000,2.72440499,0.00624124,NaN,151700000000,2.710423529,0.006269085,NaN
151800000000,2.71380672,0.005837679,NaN,151800000000,2.724607237,0.005886923,NaN,151800000000,2.710586594,0.005888463,NaN
151900000000,2.715678959,0.005238637,NaN,151900000000,2.726338102,0.005298031,NaN,151900000000,2.712249141,0.005270885,NaN
152000000000,2.716862813,0.005618371,NaN,152000000000,2.727320515,0.005603979,NaN,152000000000,2.713413297,0.005548151,NaN
152100000000,2.717552576,0.005770547,NaN,152100000000,2.728428247,0.005791227,NaN,152100000000,2.714380319,0.005819891,NaN
152200000000,2.717997017,0.006288111,NaN,152200000000,2.728682105,0.006345323,NaN,152200000000,2.714838688,0.006375169,NaN
152300000000,2.717330017,0.006696382,NaN,152300000000,2.728075031,0.006716804,NaN,152300000000,2.714052001,0.00678471,NaN
152400000000,2.716484564,0.006842788,NaN,152400000000,2.727136004,0.006829882,NaN,152400000000,2.713070932,0.006898709,NaN
152500000000,2.715837499,0.006729694,NaN,152500000000,2.726656489,0.006702588,NaN,152500000000,2.712517928,0.006765399,NaN
152600000000,2.71553123,0.006616637,NaN,152600000000,2.726458206,0.006616695,NaN,152600000000,2.712232717,0.006659916,NaN
152700000000,2.715617587,0.006460899,NaN,152700000000,2.726521946,0.006482628,NaN,152700000000,2.712478551,0.006509217,NaN
152800000000,2.715437167,0.006341055,NaN,152800000000,2.726504736,0.006404423,NaN,152800000000,2.712484782,0.006406749,NaN
152900000000,2.715852647,0.006274252,NaN,152900000000,2.726666129,0.006391476,NaN,152900000000,2.712687183,0.006369219,NaN
153000000000,2.716626438,0.006421053,NaN,153000000000,2.727240468,0.006520118,NaN,153000000000,2.713359808,0.006550276,NaN
153100000000,2.716503519,0.006595415,NaN,153100000000,2.726913948,0.00673463,NaN,153100000000,2.713130129,0.006757954,NaN
153200000000,2.716623918,0.006648496,NaN,153200000000,2.7268402,0.006781684,NaN,153200000000,2.713006006,0.006813232,NaN
153300000000,2.71621233,0.006680958,NaN,153300000000,2.726441296,0.006744329,NaN,153300000000,2.712663451,0.006804672,NaN
153400000000,2.715672816,0.00662888,NaN,153400000000,2.7258272,0.006634434,NaN,153400000000,2.711986031,0.006696246,NaN
153500000000,2.715492157,0.006538938,NaN,153500000000,2.725818976,0.006499028,NaN,153500000000,2.711672665,0.006565626,NaN
153600000000,2.715178833,0.006322456,NaN,153600000000,2.725407057,0.006233287,NaN,153600000000,2.711564662,0.006296789,NaN
153700000000,2.715446197,0.006090271,NaN,153700000000,2.725965408,0.005979924,NaN,153700000000,2.712003449,0.006048267,NaN
153800000000,2.715716218,0.005759086,NaN,153800000000,2.726313127,0.005638359,NaN,153800000000,2.712187642,0.005693565,NaN
153900000000,2.717323599,0.005768886,NaN,153900000000,2.727632862,0.005653487,NaN,153900000000,2.713638928,0.005697791,NaN
154000000000,2.718067442,0.006081105,NaN,154000000000,2.72888313,0.005899643,NaN,154000000000,2.715113376,0.005939236,NaN
154100000000,2.717737045,0.006419035,NaN,154100000000,2.728768584,0.006275833,NaN,154100000000,2.714704702,0.006382865,NaN
154200000000,2.717375409,0.006524533,NaN,154200000000,2.728243186,0.006413148,NaN,154200000000,2.714206001,0.006506304,NaN
154300000000,2.716909647,0.006458091,NaN,154300000000,2.727674389,0.00635818,NaN,154300000000,2.713717438,0.006433934,NaN
154400000000,2.7166922,0.006555629,NaN,154400000000,2.727635077,0.006447489,NaN,154400000000,2.713611096,0.006503331,NaN
154500000000,2.716257143,0.006555782,NaN,154500000000,2.72752921,0.006454366,NaN,154500000000,2.713191212,0.00649944,NaN
154600000000,2.715889687,0.006427426,NaN,154600000000,2.727450152,0.006403927,NaN,154600000000,2.713299975,0.006439484,NaN
154700000000,2.716122567,0.006277459,NaN,154700000000,2.727540918,0.006334378,NaN,154700000000,2.713501056,0.006343129,NaN
154800000000,2.716366422,0.006156802,NaN,154800000000,2.72750285,0.006265527,NaN,154800000000,2.713693186,0.006261217,NaN
154900000000,2.717136347,0.006137849,NaN,154900000000,2.728116602,0.006284869,NaN,154900000000,2.714307173,0.006313016,NaN
155000000000,2.717136904,0.006283438,NaN,155000000000,2.728129625,0.006340432,NaN,155000000000,2.713969264,0.006464448,NaN
155100000000,2.717665809,0.006419566,NaN,155100000000,2.728383362,0.006458099,NaN,155100000000,2.714115522,0.00657443,NaN
155200000000,2.717660325,0.006411522,NaN,155200000000,2.728514626,0.006426553,NaN,155200000000,2.714106989,0.006513716,NaN
155300000000,2.717566209,0.006451374,NaN,155300000000,2.728384426,0.00645342,NaN,155300000000,2.713951819,0.006513149,NaN
155400000000,2.717567649,0.006268949,NaN,155400000000,2.728307005,0.006252754,NaN,155400000000,2.713906162,0.00630496,NaN
155500000000,2.717380519,0.006229988,NaN,155500000000,2.728143765,0.006220065,NaN,155500000000,2.713911378,0.00623746,NaN
155600000000,2.717277852,0.006120375,NaN,155600000000,2.72814584,0.006117954,NaN,155600000000,2.713826806,0.006104062,NaN
155700000000,2.717753856,0.005976494,NaN,155700000000,2.728536501,0.005963854,NaN,155700000000,2.714425205,0.005936735,NaN
155800000000,2.718588916,0.006007269,NaN,155800000000,2.729130859,0.005962852,NaN,155800000000,2.715110755,0.005941811,NaN
155900000000,2.71981494,0.00615156,NaN,155900000000,2.730442876,0.006025955,NaN,155900000000,2.716277569,0.006062888,NaN
156000000000,2.719410949,0.006449911,NaN,156000000000,2.730500449,0.006246772,NaN,156000000000,2.716271372,0.006350086,NaN
156100000000,2.719434116,0.006518017,NaN,156100000000,2.730677612,0.006345139,NaN,156100000000,2.716450301,0.006444263,NaN
156200000000,2.718884434,0.006572261,NaN,156200000000,2.730110847,0.006431107,NaN,156200000000,2.715929096,0.006518202,NaN
156300000000,2.718605265,0.006526062,NaN,156300000000,2.730035692,0.006419338,NaN,156300000000,2.715764252,0.006468629,NaN
156400000000,2.718870169,0.006616743,NaN,156400000000,2.730413827,0.006548729,NaN,156400000000,2.71607358,0.006558507,NaN
156500000000,2.718194004,0.006726229,NaN,156500000000,2.729878264,0.006661803,NaN,156500000000,2.715698257,0.006667469,NaN
156600000000,2.717741603,0.006519651,NaN,156600000000,2.729561641,0.006567947,NaN,156600000000,2.715382666,0.006549661,NaN
156700000000,2.717609198,0.006362909,NaN,156700000000,2.729158021,0.006503093,NaN,156700000000,2.714916924,0.006500753,NaN
156800000000,2.717755524,0.006013053,NaN,156800000000,2.729049042,0.006126738,NaN,156800000000,2.714923226,0.006206063,NaN
156900000000,2.719049452,0.005849236,NaN,156900000000,2.730217062,0.0058841,NaN,156900000000,2.71585211,0.006016758,NaN
157000000000,2.719551456,0.006058946,NaN,157000000000,2.730701735,0.006058614,NaN,157000000000,2.716206958,0.006185571,NaN
157100000000,2.719525928,0.005940597,NaN,157100000000,2.730812312,0.00590798,NaN,157100000000,2.716285443,0.006036975,NaN
157200000000,2.72022318,0.006152791,NaN,157200000000,2.731538796,0.006131757,NaN,157200000000,2.716925669,0.006236816,NaN
157300000000,2.720377578,0.006195281,NaN,157300000000,2.731641754,0.006170575,NaN,157300000000,2.717166475,0.006247547,NaN
157400000000,2.72022427,0.006360195,NaN,157400000000,2.731616444,0.006327349,NaN,157400000000,2.717118021,0.006373087,NaN
157500000000,2.719864545,0.006404152,NaN,157500000000,2.731191633,0.006363064,NaN,157500000000,2.71663992,0.006384531,NaN
157600000000,2.719949473,0.00630305,NaN,157600000000,2.731291507,0.006259627,NaN,157600000000,2.716775155,0.00626951,NaN
157700000000,2.719952604,0.006207154,NaN,157700000000,2.73118212,0.00613147,NaN,157700000000,2.717014529,0.006184445,NaN
157800000000,2.720045785,0.006175669,NaN,157800000000,2.731645375,0.006040171,NaN,157800000000,2.717208007,0.006139244,NaN
157900000000,2.721220618,0.006252223,NaN,157900000000,2.73294714,0.006068957,NaN,157900000000,2.718231898,0.006148523,NaN
158000000000,2.72081519,0.006556932,NaN,158000000000,2.732798603,0.006347072,NaN,158000000000,2.717966852,0.006486687,NaN
158100000000,2.72049324,0.006526536,NaN,158100000000,2.732290465,0.006352281,NaN,158100000000,2.717370094,0.006476177,NaN
158200000000,2.720698365,0.006518414,NaN,158200000000,2.732722757,0.006335852,NaN,158200000000,2.717864466,0.006449961,NaN
158300000000,2.720535475,0.006544688,NaN,158300000000,2.732717607,0.006365054,NaN,158300000000,2.717653224,0.006468416,NaN
158400000000,2.720997009,0.006508372,NaN,158400000000,2.733442607,0.006369655,NaN,158400000000,2.718320443,0.006440078,NaN
158500000000,2.720596893,0.006792973,NaN,158500000000,2.732874415,0.00672805,NaN,158500000000,2.71798723,0.006742138,NaN
158600000000,2.71884438,0.006502818,NaN,158600000000,2.73095734,0.00648166,NaN,158600000000,2.716298166,0.006527151,NaN
158700000000,2.719353776,0.005859101,NaN,158700000000,2.731472779,0.005801353,NaN,158700000000,2.71670755,0.005923774,NaN
158800000000,2.721551615,0.005561477,NaN,158800000000,2.733874123,0.005477744,NaN,158800000000,2.718735177,0.005629541,NaN
158900000000,2.722333272,0.005901807,NaN,158900000000,2.734727446,0.005817274,NaN,158900000000,2.719515593,0.005925453,NaN
159000000000,2.723266632,0.00619127,NaN,159000000000,2.73574586,0.006108973,NaN,159000000000,2.720705304,0.006192094,NaN
159100000000,2.721589829,0.006445477,NaN,159100000000,2.734035239,0.006286486,NaN,159100000000,2.718911299,0.006437729,NaN
159200000000,2.723137678,0.005811726,NaN,159200000000,2.735399214,0.005729164,NaN,159200000000,2.720299633,0.005814318,NaN
159300000000,2.723093751,0.00629953,NaN,159300000000,2.735856768,0.006252264,NaN,159300000000,2.720487705,0.006320056,NaN
159400000000,2.723117634,0.006425376,NaN,159400000000,2.735743038,0.006369125,NaN,159400000000,2.720405244,0.006384297,NaN
159500000000,2.722866061,0.006912792,NaN,159500000000,2.735530405,0.006840165,NaN,159500000000,2.720278391,0.006876279,NaN
159600000000,2.720652424,0.006678239,NaN,159600000000,2.733018601,0.00656233,NaN,159600000000,2.717998391,0.00667245,NaN
159700000000,2.722038649,0.005830432,NaN,159700000000,2.734564073,0.005661229,NaN,159700000000,2.719351584,0.005806005,NaN
159800000000,2.724030643,0.005958718,NaN,159800000000,2.736795144,0.005754493,NaN,159800000000,2.721260829,0.005884216,NaN
159900000000,2.724178418,0.006584505,NaN,159900000000,2.73698066,0.006369007,NaN,159900000000,2.721515129,0.006412688,NaN
160000000000,2.723029029,0.006669001,NaN,160000000000,2.736007133,0.006469923,NaN,160000000000,2.720491815,0.006565569,NaN
160100000000,2.72321216,0.006700053,NaN,160100000000,2.736212308,0.006486515,NaN,160100000000,2.720607456,0.006565455,NaN
160200000000,2.72286614,0.00649389,NaN,160200000000,2.736005933,0.006268896,NaN,160200000000,2.720322718,0.006349116,NaN
160300000000,2.723000207,0.006915465,NaN,160300000000,2.73617673,0.006665573,NaN,160300000000,2.720628713,0.006753933,NaN
160400000000,2.721411482,0.006546406,NaN,160400000000,2.735032802,0.006275551,NaN,160400000000,2.719387471,0.006398737,NaN
160500000000,2.722589613,0.006294674,NaN,160500000000,2.736319174,0.006173732,NaN,160500000000,2.720752523,0.006195036,NaN
160600000000,2.720955486,0.006616903,NaN,160600000000,2.734382006,0.006516672,NaN,160600000000,2.719164541,0.006588526,NaN
160700000000,2.721444764,0.005305746,NaN,160700000000,2.734798581,0.005142342,NaN,160700000000,2.719326009,0.0053135,NaN
160800000000,2.724120121,0.005382208,NaN,160800000000,2.737663017,0.005234863,NaN,160800000000,2.721866541,0.005371885,NaN
160900000000,2.725237777,0.00567924,NaN,160900000000,2.73882304,0.005570332,NaN,160900000000,2.723015642,0.005658522,NaN
161000000000,2.725867644,0.006064588,NaN,161000000000,2.739625819,0.005993053,NaN,161000000000,2.723555684,0.006014968,NaN
161100000000,2.725154878,0.006615429,NaN,161100000000,2.738855274,0.006464059,NaN,161100000000,2.723059479,0.006539089,NaN
161200000000,2.724843838,0.006535899,NaN,161200000000,2.738736589,0.006495279,NaN,161200000000,2.722994216,0.006482738,NaN
161300000000,2.725276177,0.006684759,NaN,161300000000,2.739104097,0.006675618,NaN,161300000000,2.723307429,0.006651637,NaN
161400000000,2.724372459,0.006938464,NaN,161400000000,2.737967482,0.006918167,NaN,161400000000,2.722389583,0.006902211,NaN
161500000000,2.72362422,0.006553909,NaN,161500000000,2.737016323,0.006456931,NaN,161500000000,2.721539967,0.006558741,NaN
161600000000,2.723532103,0.006520588,NaN,161600000000,2.737184299,0.006367142,NaN,161600000000,2.721504779,0.006501459,NaN
161700000000,2.723809579,0.005858882,NaN,161700000000,2.737416065,0.005694399,NaN,161700000000,2.721629703,0.005808727,NaN
161800000000,2.726457947,0.00586739,NaN,161800000000,2.740045068,0.005687763,NaN,161800000000,2.724276483,0.005769413,NaN
161900000000,2.726250204,0.006627027,NaN,161900000000,2.739809731,0.006395523,NaN,161900000000,2.724172169,0.006497552,NaN
162000000000,2.725748766,0.006826322,NaN,162000000000,2.739617617,0.006600297,NaN,162000000000,2.723687821,0.006682687,NaN
162100000000,2.72487278,0.006983862,NaN,162100000000,2.73902295,0.006748062,NaN,162100000000,2.72304225,0.006813513,NaN
162200000000,2.723999175,0.006837269,NaN,162200000000,2.738164233,0.006578115,NaN,162200000000,2.722263844,0.006673974,NaN
162300000000,2.723989934,0.006255765,NaN,162300000000,2.738363305,0.006017087,NaN,162300000000,2.722416647,0.006133958,NaN
162400000000,2.723511414,0.00590161,NaN,162400000000,2.738316866,0.005673615,NaN,162400000000,2.721977466,0.005832076,NaN
162500000000,2.725106626,0.005407318,NaN,162500000000,2.739969992,0.005267429,NaN,162500000000,2.723733625,0.005386984,NaN
162600000000,2.725704622,0.005771331,NaN,162600000000,2.740551875,0.005632103,NaN,162600000000,2.724303662,0.005782027,NaN
162700000000,2.725811525,0.005340924,NaN,162700000000,2.740793193,0.005209299,NaN,162700000000,2.724382271,0.005335173,NaN
162800000000,2.727725037,0.005455703,NaN,162800000000,2.742717815,0.005341186,NaN,162800000000,2.726090264,0.005418237,NaN
162900000000,2.728858045,0.006181281,NaN,162900000000,2.743889579,0.006096159,NaN,162900000000,2.727451734,0.006130904,NaN
163000000000,2.729154762,0.006741598,NaN,163000000000,2.744147906,0.006694333,NaN,163000000000,2.727864931,0.006694993,NaN
163100000000,2.727393494,0.007370536,NaN,163100000000,2.742225302,0.007329336,NaN,163100000000,2.72616762,0.0073396,NaN
163200000000,2.725392544,0.00710964,NaN,163200000000,2.740448205,0.007032706,NaN,163200000000,2.724119847,0.007114465,NaN
163300000000,2.724890279,0.006560504,NaN,163300000000,2.739889841,0.00651499,NaN,163300000000,2.723550595,0.006555225,NaN
163400000000,2.726188652,0.00631558,NaN,163400000000,2.741071471,0.006253802,NaN,163400000000,2.724898395,0.006318461,NaN
163500000000,2.726473567,0.006116459,NaN,163500000000,2.741563982,0.00605311,NaN,163500000000,2.724996055,0.006138945,NaN
163600000000,2.727361506,0.006379228,NaN,163600000000,2.742202014,0.006327392,NaN,163600000000,2.725853164,0.006404198,NaN
163700000000,2.726263777,0.006543412,NaN,163700000000,2.741171259,0.006499905,NaN,163700000000,2.72473459,0.006576922,NaN
163800000000,2.72639884,0.006036891,NaN,163800000000,2.741263358,0.006015797,NaN,163800000000,2.724818531,0.006080877,NaN
163900000000,2.727700461,0.006011897,NaN,163900000000,2.742653527,0.006001306,NaN,163900000000,2.725985879,0.006083786,NaN
164000000000,2.728339456,0.006235668,NaN,164000000000,2.743378076,0.006197902,NaN,164000000000,2.726754942,0.006265006,NaN
164100000000,2.72769503,0.006563557,NaN,164100000000,2.7425009,0.006541538,NaN,164100000000,2.726120069,0.006582494,NaN
164200000000,2.726506733,0.006620573,NaN,164200000000,2.741542109,0.006590558,NaN,164200000000,2.725124501,0.006658249,NaN
164300000000,2.725458922,0.00609369,NaN,164300000000,2.740534464,0.006025654,NaN,164300000000,2.724062717,0.006149964,NaN
164400000000,2.727016297,0.00555403,NaN,164400000000,2.742288129,0.005473907,NaN,164400000000,2.725653703,0.005626154,NaN
164500000000,2.728624375,0.005560808,NaN,164500000000,2.74420173,0.005515792,NaN,164500000000,2.727264767,0.005633215,NaN
164600000000,2.728908967,0.006106101,NaN,164600000000,2.744254471,0.006058103,NaN,164600000000,2.727507448,0.006153811,NaN
164700000000,2.728256188,0.006306629,NaN,164700000000,2.743561354,0.006264488,NaN,164700000000,2.72682678,0.006312643,NaN
164800000000,2.728591943,0.006070493,NaN,164800000000,2.7441427,0.006051449,NaN,164800000000,2.727174,0.006059182,NaN
164900000000,2.729543422,0.006396712,NaN,164900000000,2.745163429,0.006386894,NaN,164900000000,2.728324145,0.006377208,NaN
165000000000,2.729175709,0.006876993,NaN,165000000000,2.744764149,0.006865112,NaN,165000000000,2.728011981,0.006878321,NaN
165100000000,2.727891721,0.006910463,NaN,165100000000,2.743436042,0.006930982,NaN,165100000000,2.726788795,0.006936117,NaN
165200000000,2.726626633,0.006334653,NaN,165200000000,2.74225771,0.006312582,NaN,165200000000,2.725483583,0.006370314,NaN
165300000000,2.727439298,0.005625139,NaN,165300000000,2.743153507,0.005631954,NaN,165300000000,2.72645306,0.005637105,NaN
165400000000,2.729827542,0.005433094,NaN,165400000000,2.745642493,0.005454332,NaN,165400000000,2.728873836,0.005466337,NaN
165500000000,2.731505419,0.006078936,NaN,165500000000,2.747139029,0.006120049,NaN,165500000000,2.730486366,0.006121297,NaN
165600000000,2.731293693,0.006577149,NaN,165600000000,2.746904355,0.006640734,NaN,165600000000,2.730443151,0.006631149,NaN
165700000000,2.730177294,0.006805254,NaN,165700000000,2.745862967,0.006903566,NaN,165700000000,2.729327256,0.006906168,NaN
165800000000,2.729584578,0.006852519,NaN,165800000000,2.744991436,0.006985323,NaN,165800000000,2.728360441,0.006984572,NaN
165900000000,2.729555161,0.006800639,NaN,165900000000,2.744683546,0.006899789,NaN,165900000000,2.7281861,0.006940784,NaN
166000000000,2.728969914,0.006984245,NaN,166000000000,2.744161643,0.007023852,NaN,166000000000,2.727733433,0.007054856,NaN
166100000000,2.727137509,0.006924013,NaN,166100000000,2.742392557,0.006923061,NaN,166100000000,2.725884679,0.006983571,NaN
166200000000,2.725325941,0.006083864,NaN,166200000000,2.740709644,0.006000542,NaN,166200000000,2.724139029,0.00613335,NaN
166300000000,2.726438524,0.004868257,NaN,166300000000,2.742053366,0.004757661,NaN,166300000000,2.725324287,0.004888092,NaN
166400000000,2.730180186,0.004556136,NaN,166400000000,2.746058074,0.004497748,NaN,166400000000,2.729035635,0.00455735,NaN
166500000000,2.7326234,0.005327673,NaN,166500000000,2.748624616,0.005314998,NaN,166500000000,2.731784599,0.00533067,NaN
166600000000,2.732972719,0.006078251,NaN,166600000000,2.748917144,0.006076236,NaN,166600000000,2.731998707,0.006075226,NaN
166700000000,2.733362522,0.006828596,NaN,166700000000,2.749156943,0.006856386,NaN,166700000000,2.732411259,0.006823678,NaN
166800000000,2.731961348,0.007510198,NaN,166800000000,2.747565772,0.007541051,NaN,166800000000,2.730806029,0.00752623,NaN
166900000000,2.729526321,0.007662353,NaN,166900000000,2.7452906,0.007659411,NaN,166900000000,2.728451334,0.007707687,NaN
167000000000,2.727159891,0.007191858,NaN,167000000000,2.742911437,0.007182676,NaN,167000000000,2.726002516,0.007253744,NaN
167100000000,2.726704005,0.006449107,NaN,167100000000,2.742701702,0.006495153,NaN,167100000000,2.7257681,0.006522776,NaN
167200000000,2.727198347,0.005805858,NaN,167200000000,2.742894617,0.005871781,NaN,167200000000,2.726067483,0.005918946,NaN
167300000000,2.729467703,0.005224293,NaN,167300000000,2.745134346,0.005284491,NaN,167300000000,2.728377748,0.005297625,NaN
167400000000,2.731900947,0.005480255,NaN,167400000000,2.747597874,0.005561754,NaN,167400000000,2.730997856,0.005554204,NaN
167500000000,2.73353275,0.005913585,NaN,167500000000,2.74921363,0.006004876,NaN,167500000000,2.732544163,0.006000187,NaN
167600000000,2.73302281,0.006684368,NaN,167600000000,2.748619062,0.00674673,NaN,167600000000,2.73195988,0.006752741,NaN
167700000000,2.732027119,0.007119914,NaN,167700000000,2.74764091,0.007138978,NaN,167700000000,2.730977127,0.007157245,NaN
167800000000,2.730681928,0.007380196,NaN,167800000000,2.746568213,0.007441412,NaN,167800000000,2.729832373,0.007423757,NaN
167900000000,2.729005755,0.007424488,NaN,167900000000,2.7443021,0.007437743,NaN,167900000000,2.727848448,0.00750043,NaN
168000000000,2.727479233,0.007091199,NaN,168000000000,2.742938665,0.007029813,NaN,168000000000,2.726400049,0.007104224,NaN
168100000000,2.726052117,0.006452999,NaN,168100000000,2.741561819,0.006346407,NaN,168100000000,2.725103375,0.006461538,NaN
168200000000,2.726579967,0.005314306,NaN,168200000000,2.742427745,0.005220694,NaN,168200000000,2.725619631,0.005315995,NaN
168300000000,2.729283156,0.004699679,NaN,168300000000,2.74514732,0.004611212,NaN,168300000000,2.728102848,0.004687441,NaN
168400000000,2.732380042,0.00459005,NaN,168400000000,2.74844506,0.004547201,NaN,168400000000,2.731545345,0.004569387,NaN
168500000000,2.734939841,0.00522273,NaN,168500000000,2.750987583,0.005232277,NaN,168500000000,2.734055006,0.005200771,NaN
168600000000,2.736024029,0.006697939,NaN,168600000000,2.752025665,0.006724745,NaN,168600000000,2.735255936,0.006675003,NaN
168700000000,2.734275941,0.007609495,NaN,168700000000,2.750249719,0.007616754,NaN,168700000000,2.733422948,0.007595964,NaN
168800000000,2.731926632,0.007865264,NaN,168800000000,2.747727477,0.007877513,NaN,168800000000,2.73097401,0.007870468,NaN
168900000000,2.730483899,0.007790199,NaN,168900000000,2.746449416,0.007854568,NaN,168900000000,2.729603476,0.007815988,NaN
169000000000,2.728570458,0.007478271,NaN,169000000000,2.74445525,0.007550928,NaN,169000000000,2.727678778,0.007509354,NaN
169100000000,2.728138155,0.006692037,NaN,169100000000,2.743955423,0.006783992,NaN,169100000000,2.727192858,0.006743597,NaN
169200000000,2.729077749,0.0062371,NaN,169200000000,2.744374277,0.00638346,NaN,169200000000,2.727943069,0.006370865,NaN
169300000000,2.730566685,0.006040138,NaN,169300000000,2.745907915,0.006066721,NaN,169300000000,2.729397146,0.006065713,NaN
169400000000,2.731140929,0.006433855,NaN,169400000000,2.74665138,0.006417414,NaN,169400000000,2.730119502,0.00643421,NaN
169500000000,2.730832119,0.006649605,NaN,169500000000,2.746288499,0.00662322,NaN,169500000000,2.729698239,0.006652435,NaN
169600000000,2.731604511,0.006721191,NaN,169600000000,2.746993634,0.006681719,NaN,169600000000,2.730490642,0.006698109,NaN
169700000000,2.731091736,0.006971197,NaN,169700000000,2.746730512,0.006963715,NaN,169700000000,2.73016359,0.006964118,NaN
169800000000,2.730384218,0.007260915,NaN,169800000000,2.745945526,0.007376095,NaN,169800000000,2.72969276,0.007305431,NaN
169900000000,2.728333804,0.007399975,NaN,169900000000,2.74354509,0.00741936,NaN,169900000000,2.727309722,0.007473394,NaN
170000000000,2.726374739,0.00683688,NaN,170000000000,2.741528662,0.006731148,NaN,170000000000,2.725265017,0.006847176,NaN
170100000000,2.726426494,0.005417937,NaN,170100000000,2.741893187,0.005309644,NaN,170100000000,2.725285978,0.005404706,NaN
170200000000,2.730650973,0.004625536,NaN,170200000000,2.746089031,0.004559446,NaN,170200000000,2.729439002,0.004584548,NaN
170300000000,2.734382559,0.005263349,NaN,170300000000,2.749823423,0.005240859,NaN,170300000000,2.733207582,0.005204793,NaN
170400000000,2.735159076,0.006524826,NaN,170400000000,2.750710609,0.006514862,NaN,170400000000,2.734227837,0.006460472,NaN
170500000000,2.733829345,0.007513737,NaN,170500000000,2.749169413,0.007490823,NaN,170500000000,2.732915801,0.00747072,NaN
170600000000,2.732453661,0.007651946,NaN,170600000000,2.74789467,0.007605482,NaN,170600000000,2.731579243,0.007633469,NaN
170700000000,2.731544093,0.007772961,NaN,170700000000,2.74702549,0.007754152,NaN,170700000000,2.730597854,0.00776345,NaN
170800000000,2.730635254,0.007960283,NaN,170800000000,2.746094883,0.007984078,NaN,170800000000,2.729680264,0.007949748,NaN
170900000000,2.728802995,0.008107194,NaN,170900000000,2.744189326,0.00809638,NaN,170900000000,2.727832451,0.008078021,NaN
171000000000,2.726995197,0.00777653,NaN,171000000000,2.742168812,0.00767937,NaN,171000000000,2.72590074,0.007722703,NaN
171100000000,2.725830211,0.007022835,NaN,171100000000,2.740991336,0.006886556,NaN,171100000000,2.724635519,0.006970559,NaN
171200000000,2.726772193,0.006191816,NaN,171200000000,2.742080724,0.006054638,NaN,171200000000,2.725650148,0.006162003,NaN
171300000000,2.728570995,0.006166945,NaN,171300000000,2.744067803,0.006021874,NaN,171300000000,2.727405701,0.006101555,NaN
171400000000,2.728491623,0.006322019,NaN,171400000000,2.744189491,0.006186858,NaN,171400000000,2.727577568,0.00623671,NaN
171500000000,2.728697091,0.006029118,NaN,171500000000,2.744671872,0.005985032,NaN,171500000000,2.727890309,0.005981832,NaN
171600000000,2.729599484,0.006000471,NaN,171600000000,2.745656653,0.006066474,NaN,171600000000,2.728888014,0.005993038,NaN
171700000000,2.73050305,0.006395696,NaN,171700000000,2.746115513,0.006504958,NaN,171700000000,2.72959879,0.006423194,NaN
171800000000,2.729976743,0.006753179,NaN,171800000000,2.745324644,0.006824592,NaN,171800000000,2.728862226,0.006800156,NaN
171900000000,2.728703576,0.006536975,NaN,171900000000,2.743916523,0.006568709,NaN,171900000000,2.727489775,0.006592368,NaN
172000000000,2.728340792,0.005857011,NaN,172000000000,2.743660069,0.005881447,NaN,172000000000,2.727083522,0.005874294,NaN
172100000000,2.730787942,0.005132147,NaN,172100000000,2.746025139,0.005157816,NaN,172100000000,2.729481017,0.005101467,NaN
172200000000,2.733418264,0.005835854,NaN,172200000000,2.748581895,0.005863736,NaN,172200000000,2.732297418,0.005793115,NaN
172300000000,2.734774357,0.006970834,NaN,172300000000,2.749827513,0.007020744,NaN,172300000000,2.733725214,0.00694751,NaN
172400000000,2.733015493,0.007854406,NaN,172400000000,2.74801372,0.007906052,NaN,172400000000,2.731945982,0.007868406,NaN
172500000000,2.730785038,0.008041443,NaN,172500000000,2.745723173,0.008066193,NaN,172500000000,2.729570722,0.008080767,NaN
172600000000,2.729615424,0.007742494,NaN,172600000000,2.744612489,0.007776825,NaN,172600000000,2.728357925,0.007775348,NaN
172700000000,2.728868516,0.007801253,NaN,172700000000,2.743880665,0.007851024,NaN,172700000000,2.727750404,0.007812926,NaN
172800000000,2.727650313,0.007909789,NaN,172800000000,2.742316793,0.007945779,NaN,172800000000,2.7264001,0.007897207,NaN
172900000000,2.725505884,0.007366365,NaN,172900000000,2.740406496,0.007345819,NaN,172900000000,2.724402329,0.007355645,NaN
173000000000,2.725515215,0.006510862,NaN,173000000000,2.740535683,0.006500802,NaN,173000000000,2.724363639,0.006501679,NaN
173100000000,2.726686841,0.005830545,NaN,173100000000,2.74166167,0.005829399,NaN,173100000000,2.725592923,0.005823013,NaN
173200000000,2.729486655,0.005775694,NaN,173200000000,2.744485021,0.005774687,NaN,173200000000,2.728461815,0.00576043,NaN
173300000000,2.730340105,0.006253921,NaN,173300000000,2.74525724,0.006253223,NaN,173300000000,2.729159707,0.006238395,NaN
173400000000,2.730622435,0.006760992,NaN,173400000000,2.745595096,0.006794843,NaN,173400000000,2.729480044,0.006745527,NaN
173500000000,2.72990593,0.007300888,NaN,173500000000,2.744879602,0.007283178,NaN,173500000000,2.728870116,0.007250889,NaN
173600000000,2.728534092,0.007502686,NaN,173600000000,2.743436526,0.007538821,NaN,173600000000,2.727519545,0.007505,NaN
173700000000,2.726759577,0.007522077,NaN,173700000000,2.741660627,0.007541191,NaN,173700000000,2.725819027,0.007556802,NaN
173800000000,2.72515872,0.006974582,NaN,173800000000,2.740195217,0.006984093,NaN,173800000000,2.724057905,0.007030565,NaN
173900000000,2.724601585,0.005970756,NaN,173900000000,2.739720201,0.00602084,NaN,173900000000,2.72352179,0.006028691,NaN
174000000000,2.727069053,0.004982911,NaN,174000000000,2.742279336,0.005118435,NaN,174000000000,2.726021935,0.005045745,NaN
174100000000,2.731378568,0.005093625,NaN,174100000000,2.746343069,0.005305913,NaN,174100000000,2.730187171,0.005166522,NaN
174200000000,2.73354977,0.00632728,NaN,174200000000,2.748319113,0.006561472,NaN,174200000000,2.732379228,0.006433126,NaN
174300000000,2.733279821,0.007644154,NaN,174300000000,2.747645015,0.007854961,NaN,174300000000,2.732088124,0.007781808,NaN
174400000000,2.729822778,0.008240933,NaN,174400000000,2.744225533,0.008370852,NaN,174400000000,2.728403747,0.008402985,NaN
174500000000,2.727795004,0.008025066,NaN,174500000000,2.742506444,0.008166953,NaN,174500000000,2.726431645,0.008173485,NaN
174600000000,2.72649197,0.007742013,NaN,174600000000,2.741043614,0.007932258,NaN,174600000000,2.725030332,0.007887161,NaN
174700000000,2.725640843,0.00741922,NaN,174700000000,2.739962855,0.007606277,NaN,174700000000,2.724024526,0.007547313,NaN
174800000000,2.725024445,0.006911687,NaN,174800000000,2.7393774,0.00710366,NaN,174800000000,2.723331839,0.007027255,NaN
174900000000,2.724857698,0.006192942,NaN,174900000000,2.739148701,0.006384362,NaN,174900000000,2.723273413,0.006299936,NaN
175000000000,2.726333567,0.005483941,NaN,175000000000,2.740600579,0.005622736,NaN,175000000000,2.724789334,0.005589527,NaN
175100000000,2.729388899,0.00549311,NaN,175100000000,2.743500453,0.005658194,NaN,175100000000,2.727609138,0.005589246,NaN
175200000000,2.731115551,0.006403857,NaN,175200000000,2.745352337,0.006636861,NaN,175200000000,2.729614149,0.006519122,NaN
175300000000,2.730825816,0.007099841,NaN,175300000000,2.744948089,0.007372862,NaN,175300000000,2.729217029,0.0072147,NaN
175400000000,2.730357334,0.007780598,NaN,175400000000,2.744217349,0.008081745,NaN,175400000000,2.728693385,0.007919243,NaN
175500000000,2.727648552,0.008200192,NaN,175500000000,2.741064864,0.008428981,NaN,175500000000,2.725808496,0.008362014,NaN
175600000000,2.725300342,0.007826126,NaN,175600000000,2.738792025,0.007953842,NaN,175600000000,2.723371043,0.007955361,NaN
175700000000,2.723933398,0.006981208,NaN,175700000000,2.737732411,0.007049885,NaN,175700000000,2.722121897,0.007098531,NaN
175800000000,2.725181845,0.006065102,NaN,175800000000,2.73891304,0.00623114,NaN,175800000000,2.723137343,0.0061772,NaN
175900000000,2.72760408,0.005812339,NaN,175900000000,2.741067787,0.00606374,NaN,175900000000,2.725565905,0.005933451,NaN
176000000000,2.72968549,0.006228959,NaN,176000000000,2.743028075,0.006448525,NaN,176000000000,2.727575476,0.006365591,NaN
176100000000,2.729895486,0.00721901,NaN,176100000000,2.743133217,0.007385873,NaN,176100000000,2.727654617,0.007348937,NaN
176200000000,2.727833107,0.007987445,NaN,176200000000,2.741061772,0.008101083,NaN,176200000000,2.725712979,0.008084652,NaN
176300000000,2.725024365,0.007767536,NaN,176300000000,2.738137439,0.00777611,NaN,176300000000,2.722705732,0.007852756,NaN
176400000000,2.72360622,0.006982245,NaN,176400000000,2.737151788,0.007014665,NaN,176400000000,2.721261851,0.007041678,NaN
176500000000,2.72439051,0.00637161,NaN,176500000000,2.737888511,0.006477905,NaN,176500000000,2.722118188,0.006418473,NaN
176600000000,2.724519916,0.005776888,NaN,176600000000,2.738022136,0.005928835,NaN,176600000000,2.722194256,0.005817784,NaN
176700000000,2.726288661,0.005226289,NaN,176700000000,2.739657306,0.005433898,NaN,176700000000,2.723932139,0.005261988,NaN
176800000000,2.729212505,0.005205705,NaN,176800000000,2.742482423,0.005456166,NaN,176800000000,2.726907758,0.005238664,NaN
176900000000,2.731276897,0.005939987,NaN,176900000000,2.744545169,0.006215328,NaN,176900000000,2.729046282,0.005998367,NaN
177000000000,2.731741983,0.007120094,NaN,177000000000,2.744872899,0.00739944,NaN,177000000000,2.729519439,0.007214356,NaN
177100000000,2.729962075,0.007931506,NaN,177100000000,2.743081388,0.008163496,NaN,177100000000,2.727736329,0.008070421,NaN
177200000000,2.728247731,0.008178053,NaN,177200000000,2.741175395,0.008462004,NaN,177200000000,2.725854186,0.008333633,NaN
177300000000,2.726645266,0.00824425,NaN,177300000000,2.739287601,0.008515127,NaN,177300000000,2.724199399,0.008363134,NaN
177400000000,2.724422535,0.007845655,NaN,177400000000,2.737018717,0.008093106,NaN,177400000000,2.721962203,0.007952575,NaN
177500000000,2.724475206,0.006821486,NaN,177500000000,2.736891549,0.007071367,NaN,177500000000,2.721865388,0.006911978,NaN
177600000000,2.726688665,0.006956896,NaN,177600000000,2.738793479,0.007157359,NaN,177600000000,2.723984353,0.007025896,NaN
177700000000,2.726065359,0.007440524,NaN,177700000000,2.738262232,0.007507325,NaN,177700000000,2.723445855,0.007475441,NaN
177800000000,2.724732091,0.006972283,NaN,177800000000,2.737153577,0.006984766,NaN,177800000000,2.722241177,0.006994004,NaN
177900000000,2.726630609,0.00685559,NaN,177900000000,2.739022521,0.006979086,NaN,177900000000,2.724064546,0.006880299,NaN
178000000000,2.726351954,0.007290232,NaN,178000000000,2.738719386,0.00735416,NaN,178000000000,2.723819252,0.007292906,NaN
178100000000,2.72539039,0.007587239,NaN,178100000000,2.73765841,0.007623923,NaN,178100000000,2.722951013,0.00759207,NaN
178200000000,2.724151154,0.007484872,NaN,178200000000,2.736462734,0.007448909,NaN,178200000000,2.72169527,0.007497714,NaN
178300000000,2.72304174,0.006842162,NaN,178300000000,2.735621349,0.006806981,NaN,178300000000,2.720561006,0.006849506,NaN
178400000000,2.723948793,0.006115144,NaN,178400000000,2.736530582,0.006150209,NaN,178400000000,2.721441623,0.006098096,NaN
178500000000,2.726181185,0.006002246,NaN,178500000000,2.738832343,0.00611497,NaN,178500000000,2.723781544,0.005992389,NaN
178600000000,2.727560167,0.006467816,NaN,178600000000,2.740051481,0.006652227,NaN,178600000000,2.725090428,0.006501506,NaN
178700000000,2.72690729,0.006992036,NaN,178700000000,2.739217431,0.007216398,NaN,178700000000,2.724433569,0.007071562,NaN
178800000000,2.726025394,0.006879406,NaN,178800000000,2.738112077,0.007032558,NaN,178800000000,2.723527983,0.006985038,NaN
178900000000,2.727227826,0.006636961,NaN,178900000000,2.739185673,0.006760651,NaN,178900000000,2.724481631,0.006726123,NaN
179000000000,2.728077667,0.007070848,NaN,179000000000,2.739982467,0.007165197,NaN,179000000000,2.725294682,0.007124047,NaN
179100000000,2.727944671,0.007627818,NaN,179100000000,2.73977894,0.00770939,NaN,179100000000,2.725038787,0.007621019,NaN
179200000000,2.726411472,0.007971242,NaN,179200000000,2.73835012,0.008004119,NaN,179200000000,2.72375628,0.007961882,NaN
179300000000,2.725170456,0.007956038,NaN,179300000000,2.736959481,0.007953299,NaN,179300000000,2.722589812,0.007959705,NaN
179400000000,2.724551232,0.007640607,NaN,179400000000,2.736378937,0.007632906,NaN,179400000000,2.721848259,0.007642001,NaN
179500000000,2.724090634,0.007312181,NaN,179500000000,2.735999591,0.007303609,NaN,179500000000,2.721394186,0.007307505,NaN
179600000000,2.724046953,0.006944753,NaN,179600000000,2.736035069,0.006962707,NaN,179600000000,2.72144984,0.006947371,NaN
179700000000,2.725416029,0.006866348,NaN,179700000000,2.737346218,0.006941399,NaN,179700000000,2.722638574,0.006892479,NaN
179800000000,2.72573262,0.00709638,NaN,179800000000,2.737413274,0.007176594,NaN,179800000000,2.722950155,0.007141576,NaN
179900000000,2.725930539,0.007280674,NaN,179900000000,2.737521539,0.007317275,NaN,179900000000,2.723028516,0.00731587,NaN
180000000000,2.725017884,0.007635396,NaN,180000000000,2.736614183,0.007570546,NaN,180000000000,2.722224986,0.007618355,NaN
180100000000,2.724103922,0.007485523,NaN,180100000000,2.735827915,0.007421184,NaN,180100000000,2.721321687,0.007476963,NaN
180200000000,2.724089761,0.007139899,NaN,180200000000,2.73582523,0.007080066,NaN,180200000000,2.721332175,0.007139129,NaN
180300000000,2.724418028,0.007169346,NaN,180300000000,2.736064099,0.007119965,NaN,180300000000,2.721394039,0.007141764,NaN
180400000000,2.723930073,0.007212893,NaN,180400000000,2.735719875,0.007175285,NaN,180400000000,2.721160696,0.007168282,NaN
180500000000,2.723479617,0.007017772,NaN,180500000000,2.73526975,0.006992033,NaN,180500000000,2.720745351,0.006984165,NaN
180600000000,2.723296934,0.006723483,NaN,180600000000,2.735026782,0.006650656,NaN,180600000000,2.7204519,0.006682721,NaN
180700000000,2.724401941,0.006288055,NaN,180700000000,2.736103886,0.006242052,NaN,180700000000,2.721398556,0.006229094,NaN
180800000000,2.72619648,0.006169054,NaN,180800000000,2.737726476,0.006143948,NaN,180800000000,2.72306486,0.006112289,NaN
180900000000,2.727665936,0.006715859,NaN,180900000000,2.739010206,0.006690245,NaN,180900000000,2.724670767,0.006655332,NaN
181000000000,2.72767597,0.007627089,NaN,181000000000,2.738880358,0.007545787,NaN,181000000000,2.724559041,0.007551409,NaN
181100000000,2.725907045,0.007962742,NaN,181100000000,2.737476163,0.007752841,NaN,181100000000,2.722950561,0.007816023,NaN
181200000000,2.72458941,0.007745254,NaN,181200000000,2.736488461,0.007649094,NaN,181200000000,2.721894677,0.007683115,NaN
181300000000,2.723811971,0.007614023,NaN,181300000000,2.735673976,0.007524024,NaN,181300000000,2.72111277,0.007557924,NaN
181400000000,2.723701411,0.007288202,NaN,181400000000,2.735582184,0.00724485,NaN,181400000000,2.721060694,0.007251825,NaN
181500000000,2.724178103,0.007151131,NaN,181500000000,2.735839802,0.007140204,NaN,181500000000,2.721348771,0.00712829,NaN
181600000000,2.724396641,0.007037195,NaN,181600000000,2.736008536,0.007045826,NaN,181600000000,2.721528407,0.00701771,NaN
181700000000,2.725126398,0.007014415,NaN,181700000000,2.73662122,0.007058153,NaN,181700000000,2.72218857,0.006980194,NaN
181800000000,2.725623594,0.007348439,NaN,181800000000,2.737018527,0.0073501,NaN,181800000000,2.722751793,0.007303303,NaN
181900000000,2.725133184,0.007630199,NaN,181900000000,2.736529648,0.007506812,NaN,181900000000,2.722305898,0.00756788,NaN
182000000000,2.724328171,0.00765556,NaN,182000000000,2.735957657,0.007472988,NaN,182000000000,2.721438486,0.007579694,NaN
182100000000,2.723701295,0.007589822,NaN,182100000000,2.735400915,0.007489929,NaN,182100000000,2.720761167,0.007571948,NaN
182200000000,2.723081764,0.007341267,NaN,182200000000,2.734794688,0.007306809,NaN,182200000000,2.720170064,0.007370061,NaN
182300000000,2.723342027,0.007113666,NaN,182300000000,2.734887338,0.007103241,NaN,182300000000,2.720256597,0.007138192,NaN
182400000000,2.723445673,0.007028011,NaN,182400000000,2.734738353,0.007011424,NaN,182400000000,2.720246444,0.007029662,NaN
182500000000,2.723319116,0.00679196,NaN,182500000000,2.734504644,0.006768634,NaN,182500000000,2.720056701,0.00679163,NaN
182600000000,2.723678802,0.006399769,NaN,182600000000,2.734894325,0.006372958,NaN,182600000000,2.720486728,0.006375825,NaN
182700000000,2.725302258,0.006131881,NaN,182700000000,2.736589289,0.006105934,NaN,182700000000,2.722044527,0.006088626,NaN
182800000000,2.727474143,0.006463941,NaN,182800000000,2.738659054,0.006424266,NaN,182800000000,2.72432425,0.006413744,NaN
182900000000,2.727583095,0.007290164,NaN,182900000000,2.738710943,0.00718533,NaN,182900000000,2.724371055,0.007239065,NaN
183000000000,2.726125024,0.00782318,NaN,183000000000,2.737393266,0.007617513,NaN,183000000000,2.722992345,0.007763881,NaN
183100000000,2.724660794,0.007813477,NaN,183100000000,2.736348672,0.007571108,NaN,183100000000,2.721640813,0.00771087,NaN
183200000000,2.72427481,0.007491603,NaN,183200000000,2.735967343,0.007307885,NaN,183200000000,2.721150739,0.007367587,NaN
183300000000,2.724072004,0.007380754,NaN,183300000000,2.735923579,0.007205537,NaN,183300000000,2.721213644,0.007218416,NaN
183400000000,2.72411077,0.007110402,NaN,183400000000,2.73596771,0.00695386,NaN,183400000000,2.721200279,0.006965389,NaN
183500000000,2.724674999,0.007130118,NaN,183500000000,2.736348552,0.00704053,NaN,183500000000,2.721746118,0.007028432,NaN
183600000000,2.724468997,0.007004086,NaN,183600000000,2.736348024,0.006957536,NaN,183600000000,2.721718673,0.006945574,NaN
183700000000,2.725215082,0.006856906,NaN,183700000000,2.737047339,0.006887126,NaN,183700000000,2.722514783,0.006844709,NaN
183800000000,2.726329749,0.007201009,NaN,183800000000,2.737902535,0.007200818,NaN,183800000000,2.723564664,0.007224477,NaN
183900000000,2.725623496,0.007625266,NaN,183900000000,2.737250768,0.007573034,NaN,183900000000,2.722724535,0.007671119,NaN
184000000000,2.724573915,0.007591942,NaN,184000000000,2.73624258,0.007470184,NaN,184000000000,2.721560754,0.007646052,NaN
184100000000,2.723974906,0.007377311,NaN,184100000000,2.735739307,0.007311437,NaN,184100000000,2.720933325,0.007437394,NaN
184200000000,2.72377153,0.007193636,NaN,184200000000,2.735459146,0.007145111,NaN,184200000000,2.720689762,0.007238434,NaN
184300000000,2.723726275,0.006993381,NaN,184300000000,2.735438965,0.006960727,NaN,184300000000,2.720642369,0.007016518,NaN
184400000000,2.724057288,0.006816323,NaN,184400000000,2.735621123,0.006804908,NaN,184400000000,2.720796892,0.006808003,NaN
184500000000,2.724417319,0.006570077,NaN,184500000000,2.736058011,0.006564089,NaN,184500000000,2.721242318,0.006552503,NaN
184600000000,2.725020254,0.006317155,NaN,184600000000,2.736475653,0.006336079,NaN,184600000000,2.721858691,0.00629657,NaN
184700000000,2.72676026,0.006227208,NaN,184700000000,2.738058324,0.006229109,NaN,184700000000,2.723686489,0.006203271,NaN
184800000000,2.728450353,0.006881575,NaN,184800000000,2.739703632,0.006791816,NaN,184800000000,2.725264778,0.006861198,NaN
184900000000,2.727250489,0.007562357,NaN,184900000000,2.738734875,0.007387895,NaN,184900000000,2.724081517,0.007554544,NaN
185000000000,2.725928569,0.007550804,NaN,185000000000,2.737544656,0.007432988,NaN,185000000000,2.722757487,0.007523616,NaN
185100000000,2.725685158,0.007398285,NaN,185100000000,2.737337716,0.007244682,NaN,185100000000,2.722450656,0.007376575,NaN
185200000000,2.726024717,0.007329049,NaN,185200000000,2.737724423,0.007180137,NaN,185200000000,2.722755553,0.007255388,NaN
185300000000,2.726134353,0.007286448,NaN,185300000000,2.738012479,0.007169499,NaN,185300000000,2.723005408,0.007194624,NaN
185400000000,2.725925487,0.007353787,NaN,185400000000,2.737861525,0.007300622,NaN,185400000000,2.72296844,0.007289554,NaN
185500000000,2.725989752,0.007420273,NaN,185500000000,2.737881238,0.007462875,NaN,185500000000,2.722995338,0.007404303,NaN
185600000000,2.725845454,0.007398708,NaN,185600000000,2.737425458,0.007499762,NaN,185600000000,2.722730538,0.007428074,NaN
185700000000,2.725614892,0.007186173,NaN,185700000000,2.736814736,0.007170308,NaN,185700000000,2.722440842,0.007224987,NaN
185800000000,2.726031246,0.007090459,NaN,185800000000,2.737454288,0.006924992,NaN,185800000000,2.722768375,0.007069564,NaN
185900000000,2.726316561,0.007359488,NaN,185900000000,2.73784614,0.007175599,NaN,185900000000,2.723005655,0.007307953,NaN
186000000000,2.72563409,0.007362092,NaN,186000000000,2.73728169,0.007201873,NaN,186000000000,2.722567166,0.007327649,NaN
186100000000,2.726061084,0.007029915,NaN,186100000000,2.738180692,0.006893167,NaN,186100000000,2.723156074,0.007013305,NaN
186200000000,2.726487889,0.007035791,NaN,186200000000,2.738496557,0.006921839,NaN,186200000000,2.723377764,0.007019664,NaN
186300000000,2.726572148,0.007227064,NaN,186300000000,2.738505443,0.007149732,NaN,186300000000,2.723492438,0.00719612,NaN
186400000000,2.726355891,0.007381484,NaN,186400000000,2.738407608,0.00731559,NaN,186400000000,2.723279757,0.007305707,NaN
186500000000,2.725575334,0.007381615,NaN,186500000000,2.737616236,0.007326929,NaN,186500000000,2.722581245,0.0072791,NaN
186600000000,2.725361555,0.006811946,NaN,186600000000,2.737349492,0.006770112,NaN,186600000000,2.722569084,0.006729244,NaN
186700000000,2.726830866,0.006597859,NaN,186700000000,2.73866869,0.006542427,NaN,186700000000,2.724219673,0.006593968,NaN
186800000000,2.727957161,0.006895386,NaN,186800000000,2.739914758,0.006805228,NaN,186800000000,2.725063402,0.006976327,NaN
186900000000,2.72811187,0.007136368,NaN,186900000000,2.740208799,0.007101969,NaN,186900000000,2.724986145,0.007196996,NaN
187000000000,2.727918987,0.00739878,NaN,187000000000,2.739566136,0.007398974,NaN,187000000000,2.724734293,0.007468173,NaN
187100000000,2.727405452,0.007320548,NaN,187100000000,2.739163638,0.007212808,NaN,187100000000,2.724089739,0.007274281,NaN
187200000000,2.727133122,0.007524795,NaN,187200000000,2.738948474,0.00735904,NaN,187200000000,2.72396586,0.007400425,NaN
187300000000,2.72732306,0.007358807,NaN,187300000000,2.739383603,0.007177477,NaN,187300000000,2.724454389,0.007189573,NaN
187400000000,2.727022687,0.007411365,NaN,187400000000,2.739380007,0.007249437,NaN,187400000000,2.72427346,0.007261461,NaN
187500000000,2.727314758,0.007407631,NaN,187500000000,2.739637809,0.007353162,NaN,187500000000,2.724541112,0.007306978,NaN
187600000000,2.726735381,0.007466893,NaN,187600000000,2.738576792,0.007477947,NaN,187600000000,2.724043103,0.007410607,NaN
187700000000,2.726560754,0.00713687,NaN,187700000000,2.738408435,0.006950823,NaN,187700000000,2.723911428,0.007062855,NaN
187800000000,2.726775653,0.007030004,NaN,187800000000,2.738928361,0.006758752,NaN,187800000000,2.724142992,0.006925527,NaN
187900000000,2.727354424,0.006909111,NaN,187900000000,2.739843186,0.006668184,NaN,187900000000,2.724928419,0.00683049,NaN
188000000000,2.727523295,0.006922357,NaN,188000000000,2.740113837,0.006738779,NaN,188000000000,2.725005511,0.006873963,NaN
188100000000,2.727790781,0.006628816,NaN,188100000000,2.740614648,0.006446159,NaN,188100000000,2.725291169,0.006593087,NaN
188200000000,2.729190039,0.00680105,NaN,188200000000,2.742144376,0.006683169,NaN,188200000000,2.72666022,0.006775273,NaN
188300000000,2.729545672,0.007062145,NaN,188300000000,2.74242013,0.007000183,NaN,188300000000,2.727050583,0.007041427,NaN
188400000000,2.729971446,0.007713994,NaN,188400000000,2.743095438,0.007699645,NaN,188400000000,2.727773483,0.007681181,NaN
188500000000,2.728171064,0.008232596,NaN,188500000000,2.741067147,0.008281099,NaN,188500000000,2.726155705,0.008251436,NaN
188600000000,2.724924106,0.007703289,NaN,188600000000,2.737652206,0.00771544,NaN,188600000000,2.722837837,0.007874531,NaN
188700000000,2.726173998,0.0062983,NaN,188700000000,2.738885088,0.006293751,NaN,188700000000,2.723642572,0.006556089,NaN
188800000000,2.728911777,0.006390777,NaN,188800000000,2.741747504,0.0063854,NaN,188800000000,2.726076401,0.00656617,NaN
188900000000,2.730044096,0.006917399,NaN,188900000000,2.742728009,0.007051714,NaN,188900000000,2.727213286,0.007028807,NaN
189000000000,2.729481337,0.0072656,NaN,189000000000,2.741737252,0.007163825,NaN,189000000000,2.726351,0.007307776,NaN
189100000000,2.728589031,0.007150542,NaN,189100000000,2.741284772,0.006929615,NaN,189100000000,2.725791359,0.007051729,NaN
189200000000,2.729903403,0.006963196,NaN,189200000000,2.74284786,0.006743168,NaN,189200000000,2.727203297,0.006836772,NaN
189300000000,2.729455372,0.007297005,NaN,189300000000,2.742714773,0.007103422,NaN,189300000000,2.727084717,0.007158526,NaN
189400000000,2.729642794,0.006869585,NaN,189400000000,2.743085627,0.006779403,NaN,189400000000,2.727445608,0.006799875,NaN
189500000000,2.7305605,0.007752543,NaN,189500000000,2.743769431,0.007848202,NaN,189500000000,2.72822767,0.007739581,NaN
189600000000,2.727174366,0.008089297,NaN,189600000000,2.739567668,0.008120374,NaN,189600000000,2.724774289,0.008096837,NaN
189700000000,2.727048326,0.006444735,NaN,189700000000,2.739579687,0.00616862,NaN,189700000000,2.724478751,0.006413513,NaN
189800000000,2.729665694,0.006499489,NaN,189800000000,2.742877592,0.006237472,NaN,189800000000,2.727378385,0.00644925,NaN
189900000000,2.730148016,0.006834904,NaN,189900000000,2.743473128,0.006633816,NaN,189900000000,2.727840295,0.006782699,NaN
190000000000,2.730007027,0.006842902,NaN,190000000000,2.743529762,0.006719595,NaN,190000000000,2.727812347,0.006801426,NaN
190100000000,2.730068978,0.006849902,NaN,190100000000,2.743624652,0.006695803,NaN,190100000000,2.72792122,0.006817719,NaN
190200000000,2.730718888,0.006354915,NaN,190200000000,2.744330921,0.006299896,NaN,190200000000,2.728487199,0.006328693,NaN
190300000000,2.73263239,0.00713311,NaN,190300000000,2.746088478,0.007132238,NaN,190300000000,2.730404936,0.007100837,NaN
190400000000,2.732177623,0.007996014,NaN,190400000000,2.74561104,0.008041855,NaN,190400000000,2.730261824,0.007917263,NaN
190500000000,2.72921538,0.008443083,NaN,190500000000,2.74227645,0.008313429,NaN,190500000000,2.727459966,0.00845161,NaN
190600000000,2.725744404,0.00725679,NaN,190600000000,2.739412276,0.007072078,NaN,190600000000,2.723747694,0.007388563,NaN
190700000000,2.729165037,0.005195298,NaN,190700000000,2.743095982,0.005121252,NaN,190700000000,2.726973981,0.005316121,NaN
190800000000,2.73407205,0.006437701,NaN,190800000000,2.748008152,0.006467084,NaN,190800000000,2.731960078,0.006547537,NaN
190900000000,2.732443607,0.007708058,NaN,190900000000,2.745443596,0.007805658,NaN,190900000000,2.730267831,0.007895168,NaN
191000000000,2.731279025,0.007437871,NaN,191000000000,2.744473068,0.007276932,NaN,191000000000,2.728502988,0.007480929,NaN
191100000000,2.731100519,0.007362503,NaN,191100000000,2.744732463,0.007138633,NaN,191100000000,2.728569566,0.007291094,NaN
191200000000,2.73125463,0.007130143,NaN,191200000000,2.744937367,0.006905665,NaN,191200000000,2.728896243,0.007025351,NaN
191300000000,2.732982552,0.00736265,NaN,191300000000,2.747016456,0.007141418,NaN,191300000000,2.730810206,0.007245368,NaN
191400000000,2.732473378,0.007473823,NaN,191400000000,2.746823132,0.007325204,NaN,191400000000,2.730412121,0.007367073,NaN
191500000000,2.733344194,0.00811912,NaN,191500000000,2.747696846,0.008221044,NaN,191500000000,2.731314144,0.008040683,NaN
191600000000,2.728724907,0.009186745,NaN,191600000000,2.741991186,0.009184587,NaN,191600000000,2.726682431,0.009131227,NaN
191700000000,2.724312077,0.00633553,NaN,191700000000,2.738177726,0.006021453,NaN,191700000000,2.722498481,0.006267938,NaN
191800000000,2.731461274,0.00555873,NaN,191800000000,2.745863366,0.00528142,NaN,191800000000,2.729684835,0.005483476,NaN
191900000000,2.732200408,0.00646304,NaN,191900000000,2.746790268,0.006261488,NaN,191900000000,2.730442374,0.006392266,NaN
192000000000,2.732121507,0.006331422,NaN,192000000000,2.746913457,0.006227072,NaN,192000000000,2.730434396,0.006286885,NaN
192100000000,2.732855195,0.006241435,NaN,192100000000,2.747441827,0.006073664,NaN,192100000000,2.731126244,0.006217971,NaN
192200000000,2.73490532,0.006324958,NaN,192200000000,2.749854256,0.006291467,NaN,192200000000,2.733193155,0.006261992,NaN
192300000000,2.738561984,0.007107644,NaN,192300000000,2.753236249,0.007176857,NaN,192300000000,2.736843042,0.006997523,NaN
192400000000,2.736283601,0.008958079,NaN,192400000000,2.750251749,0.008904805,NaN,192400000000,2.734787298,0.008856699,NaN
192500000000,2.731942122,0.00890845,NaN,192500000000,2.746572282,0.00872147,NaN,192500000000,2.730337643,0.008879797,NaN
192600000000,2.729044079,0.008455846,NaN,192600000000,2.743772393,0.008148689,NaN,192600000000,2.727363683,0.008373678,NaN
192700000000,2.727927147,0.0066854,NaN,192700000000,2.743029842,0.006471534,NaN,192700000000,2.726470223,0.006534302,NaN
192800000000,2.734899835,0.006376853,NaN,192800000000,2.74999228,0.006398376,NaN,192800000000,2.733605999,0.006277788,NaN
192900000000,2.733550091,0.00766056,NaN,192900000000,2.748025993,0.00750649,NaN,192900000000,2.732018344,0.007708507,NaN
193000000000,2.733248436,0.007696036,NaN,193000000000,2.747919217,0.007476858,NaN,193000000000,2.731643971,0.007613995,NaN
193100000000,2.732754951,0.008117984,NaN,193100000000,2.747328791,0.00784371,NaN,193100000000,2.731270413,0.007999674,NaN
193200000000,2.729463733,0.007840118,NaN,193200000000,2.744579737,0.007483072,NaN,193200000000,2.728258015,0.007736943,NaN
193300000000,2.730266027,0.005899539,NaN,193300000000,2.74598087,0.005591834,NaN,193300000000,2.729106678,0.005819074,NaN
193400000000,2.732932402,0.006014612,NaN,193400000000,2.748847853,0.005907383,NaN,193400000000,2.731836818,0.005974197,NaN
193500000000,2.736318614,0.006616141,NaN,193500000000,2.752216096,0.006823217,NaN,193500000000,2.735321151,0.006619955,NaN
193600000000,2.734228941,0.008564323,NaN,193600000000,2.748926032,0.008643079,NaN,193600000000,2.733344461,0.008602736,NaN
193700000000,2.729376693,0.007578013,NaN,193700000000,2.744543233,0.007412012,NaN,193700000000,2.728248725,0.00765364,NaN
193800000000,2.732286984,0.005092479,NaN,193800000000,2.747920625,0.005043518,NaN,193800000000,2.731196563,0.005200341,NaN
193900000000,2.735820774,0.006637528,NaN,193900000000,2.751585862,0.006719439,NaN,193900000000,2.734718666,0.006764901,NaN
194000000000,2.734238631,0.007253614,NaN,194000000000,2.749630056,0.007433472,NaN,194000000000,2.733017542,0.007409925,NaN
194100000000,2.732497284,0.006939068,NaN,194100000000,2.747153849,0.006946086,NaN,194100000000,2.731035042,0.00710492,NaN
194200000000,2.734606484,0.005810559,NaN,194200000000,2.749971215,0.005851579,NaN,194200000000,2.733067351,0.005852098,NaN
194300000000,2.73810032,0.006067882,NaN,194300000000,2.7530237,0.006199888,NaN,194300000000,2.736828938,0.006045905,NaN
194400000000,2.739434836,0.00850245,NaN,194400000000,2.754166592,0.008283393,NaN,194400000000,2.73817506,0.008528462,NaN
194500000000,2.736021805,0.009004552,NaN,194500000000,2.751560817,0.008836833,NaN,194500000000,2.734778398,0.008976817,NaN
194600000000,2.732247357,0.009129011,NaN,194600000000,2.747763351,0.008949774,NaN,194600000000,2.731147985,0.009097028,NaN
194700000000,2.728982117,0.007912288,NaN,194700000000,2.745037721,0.007807311,NaN,194700000000,2.728233087,0.007915851,NaN
194800000000,2.730593037,0.006838221,NaN,194800000000,2.74622338,0.00708585,NaN,194800000000,2.729934078,0.006939059,NaN
194900000000,2.732718503,0.006151272,NaN,194900000000,2.748370205,0.00606797,NaN,194900000000,2.731492923,0.006286728,NaN
195000000000,2.735217644,0.006097884,NaN,195000000000,2.751149063,0.006053634,NaN,195000000000,2.734192151,0.006177274,NaN
195100000000,2.736671271,0.006742136,NaN,195100000000,2.752638879,0.006752284,NaN,195100000000,2.735679349,0.006804489,NaN
195200000000,2.7354793,0.007004993,NaN,195200000000,2.751306587,0.007040185,NaN,195200000000,2.734568092,0.007058203,NaN
195300000000,2.734265206,0.006721151,NaN,195300000000,2.750254477,0.00677116,NaN,195300000000,2.733413949,0.006769832,NaN
195400000000,2.738790523,0.007165579,NaN,195400000000,2.755030767,0.007305754,NaN,195400000000,2.738077529,0.007240759,NaN
195500000000,2.737825067,0.008170604,NaN,195500000000,2.75380422,0.008529832,NaN,195500000000,2.737081669,0.008290882,NaN
195600000000,2.733241137,0.00915708,NaN,195600000000,2.74793355,0.00925303,NaN,195600000000,2.732116578,0.009270033,NaN
195700000000,2.728787482,0.007386586,NaN,195700000000,2.744120663,0.007241349,NaN,195700000000,2.727564193,0.007388576,NaN
195800000000,2.732963007,0.004767409,NaN,195800000000,2.748566514,0.004629113,NaN,195800000000,2.731809238,0.004716471,NaN
195900000000,2.738227729,0.006177872,NaN,195900000000,2.754000216,0.00601624,NaN,195900000000,2.737288121,0.006080287,NaN
196000000000,2.737652907,0.007402531,NaN,196000000000,2.75380056,0.00726003,NaN,196000000000,2.736912189,0.007299067,NaN
196100000000,2.734764364,0.007724321,NaN,196100000000,2.750459482,0.007492622,NaN,196100000000,2.734099753,0.007723509,NaN
196200000000,2.7370852,0.007040575,NaN,196200000000,2.753574428,0.007093045,NaN,196200000000,2.736426466,0.007011411,NaN
196300000000,2.736163079,0.008110343,NaN,196300000000,2.751912902,0.008185109,NaN,196300000000,2.735715837,0.008140372,NaN
196400000000,2.737230924,0.007336659,NaN,196400000000,2.753526062,0.007231355,NaN,196400000000,2.736678988,0.007454138,NaN
196500000000,2.735271579,0.008076666,NaN,196500000000,2.751715562,0.008136906,NaN,196500000000,2.734643199,0.008181684,NaN
196600000000,2.733792735,0.00800725,NaN,196600000000,2.750087688,0.00815646,NaN,196600000000,2.733139672,0.00814496,NaN
196700000000,2.731835131,0.007722174,NaN,196700000000,2.748195063,0.008053402,NaN,196700000000,2.731318098,0.00789252,NaN
196800000000,2.730231741,0.006168293,NaN,196800000000,2.745515242,0.006335596,NaN,196800000000,2.729559638,0.006394189,NaN
196900000000,2.735756188,0.005643383,NaN,196900000000,2.751382649,0.005741198,NaN,196900000000,2.734747535,0.005794813,NaN
197000000000,2.736647094,0.005983835,NaN,197000000000,2.752240694,0.006022628,NaN,197000000000,2.735531144,0.006075191,NaN
197100000000,2.739243699,0.006378164,NaN,197100000000,2.754959541,0.006345251,NaN,197100000000,2.738076476,0.006403631,NaN
197200000000,2.738685677,0.007512792,NaN,197200000000,2.754490235,0.007432833,NaN,197200000000,2.737810034,0.007481092,NaN
197300000000,2.737271511,0.007998519,NaN,197300000000,2.753134839,0.007886531,NaN,197300000000,2.736446652,0.007925604,NaN
197400000000,2.738072161,0.006793336,NaN,197400000000,2.754298803,0.006609157,NaN,197400000000,2.737404296,0.006704322,NaN
197500000000,2.737397493,0.009099123,NaN,197500000000,2.753628243,0.009149034,NaN,197500000000,2.736876267,0.009060566,NaN
197600000000,2.73094132,0.009501958,NaN,197600000000,2.746517475,0.009266493,NaN,197600000000,2.730395261,0.009527597,NaN
197700000000,2.726699344,0.007250383,NaN,197700000000,2.743103463,0.006978056,NaN,197700000000,2.726160067,0.007268528,NaN
197800000000,2.728186765,0.004131163,NaN,197800000000,2.744950153,0.004000757,NaN,197800000000,2.727717157,0.0041537,NaN
197900000000,2.738737891,0.004219281,NaN,197900000000,2.755626054,0.004191525,NaN,197900000000,2.738271461,0.004253259,NaN
198000000000,2.74049423,0.005900921,NaN,198000000000,2.757435761,0.005968469,NaN,198000000000,2.740128992,0.005950248,NaN
198100000000,2.739173839,0.007173524,NaN,198100000000,2.755562838,0.007152222,NaN,198100000000,2.738816099,0.007254663,NaN
198200000000,2.739892506,0.007047517,NaN,198200000000,2.756656404,0.007359505,NaN,198200000000,2.739626396,0.007140359,NaN
198300000000,2.73752356,0.007921346,NaN,198300000000,2.753692595,0.00800409,NaN,198300000000,2.737334443,0.008153646,NaN
198400000000,2.736008381,0.007304318,NaN,198400000000,2.752549661,0.007544165,NaN,198400000000,2.735395609,0.007570089,NaN
198500000000,2.73755355,0.00807404,NaN,198500000000,2.75352945,0.008290531,NaN,198500000000,2.736578083,0.00828096,NaN
198600000000,2.735005915,0.008054341,NaN,198600000000,2.750924351,0.008194631,NaN,198600000000,2.733989419,0.008204565,NaN
198700000000,2.733996774,0.007700635,NaN,198700000000,2.750032279,0.00786727,NaN,198700000000,2.733097884,0.007799248,NaN
198800000000,2.731795783,0.006608164,NaN,198800000000,2.747646749,0.006642034,NaN,198800000000,2.730965756,0.006709942,NaN
198900000000,2.737030276,0.005476275,NaN,198900000000,2.753191006,0.00555774,NaN,198900000000,2.736263432,0.005603904,NaN
199000000000,2.73853697,0.006340682,NaN,199000000000,2.754385434,0.006424572,NaN,199000000000,2.737536746,0.00645023,NaN
199100000000,2.739169627,0.006913232,NaN,199100000000,2.755151249,0.006954742,NaN,199100000000,2.738229929,0.006980261,NaN
199200000000,2.73839373,0.00771746,NaN,199200000000,2.754238975,0.007711546,NaN,199200000000,2.737472277,0.007753263,NaN
199300000000,2.736990605,0.007787645,NaN,199300000000,2.753031683,0.007762119,NaN,199300000000,2.736095781,0.007788591,NaN
199400000000,2.736004144,0.007515517,NaN,199400000000,2.752247325,0.007565409,NaN,199400000000,2.735302899,0.007496007,NaN
199500000000,2.738217644,0.008380439,NaN,199500000000,2.753908814,0.008603039,NaN,199500000000,2.73758554,0.008419731,NaN
199600000000,2.731476784,0.008815809,NaN,199600000000,2.74708576,0.008620461,NaN,199600000000,2.730808609,0.008881608,NaN
199700000000,2.728322247,0.006745396,NaN,199700000000,2.744609358,0.006618725,NaN,199700000000,2.727679001,0.006775723,NaN
199800000000,2.730500675,0.004030749,NaN,199800000000,2.746907665,0.004043859,NaN,199800000000,2.729961042,0.004062316,NaN
199900000000,2.741311602,0.003651729,NaN,199900000000,2.757728113,0.003746561,NaN,199900000000,2.740828745,0.003695935,NaN
200000000000,2.744375582,0.005966037,NaN,200000000000,2.760769285,0.006098979,NaN,200000000000,2.743729767,0.006001195,NaN
200100000000,2.744678632,0.007724495,NaN,200100000000,2.760589381,0.007911667,NaN,200100000000,2.744115495,0.00772529,NaN
200200000000,2.742098255,0.009498121,NaN,200200000000,2.757303488,0.009647265,NaN,200200000000,2.74153258,0.009553001,NaN
200300000000,2.735763488,0.00959126,NaN,200300000000,2.751818393,0.009425166,NaN,200300000000,2.735006431,0.009697863,NaN
200400000000,2.733288614,0.008849273,NaN,200400000000,2.749349932,0.008844429,NaN,200400000000,2.73254988,0.008941976,NaN
200500000000,2.732769138,0.007429261,NaN,200500000000,2.748799102,0.007430582,NaN,200500000000,2.731950051,0.007492416,NaN
200600000000,2.732890059,0.006958986,NaN,200600000000,2.749068199,0.006992392,NaN,200600000000,2.732063249,0.006990349,NaN
200700000000,2.734716043,0.006508887,NaN,200700000000,2.750805858,0.00662156,NaN,200700000000,2.733838985,0.006536857,NaN
200800000000,2.734463487,0.006605102,NaN,200800000000,2.75022571,0.006635184,NaN,200800000000,2.733690425,0.006600302,NaN
200900000000,2.737169063,0.005427816,NaN,200900000000,2.752990891,0.005502211,NaN,200900000000,2.736316433,0.005462835,NaN
201000000000,2.739549247,0.007141334,NaN,201000000000,2.755302404,0.007211146,NaN,201000000000,2.738794939,0.007189359,NaN
201100000000,2.737425737,0.007590029,NaN,201100000000,2.753143505,0.007566074,NaN,201100000000,2.736580922,0.007634445,NaN
201200000000,2.736548642,0.007784148,NaN,201200000000,2.752394574,0.007765186,NaN,201200000000,2.735586431,0.007799006,NaN
201300000000,2.735525917,0.007412807,NaN,201300000000,2.751468558,0.007427258,NaN,201300000000,2.734637879,0.007407548,NaN
201400000000,2.736267666,0.007008478,NaN,201400000000,2.752250755,0.00716871,NaN,201400000000,2.73545902,0.007002403,NaN
201500000000,2.73665724,0.007503217,NaN,201500000000,2.751580566,0.007728902,NaN,201500000000,2.735928912,0.007518156,NaN
201600000000,2.735537939,0.007934628,NaN,201600000000,2.750892533,0.007773647,NaN,201600000000,2.734721154,0.007986113,NaN
201700000000,2.734750262,0.007608837,NaN,201700000000,2.750291137,0.007537039,NaN,201700000000,2.733779256,0.007623232,NaN
201800000000,2.733230633,0.007181742,NaN,201800000000,2.748858954,0.007179533,NaN,201800000000,2.732417688,0.007192308,NaN
201900000000,2.736568713,0.005632453,NaN,201900000000,2.752156124,0.005602005,NaN,201900000000,2.735722174,0.005663629,NaN
202000000000,2.739874447,0.007141808,NaN,202000000000,2.755712082,0.007139419,NaN,202000000000,2.739061611,0.007149563,NaN
202100000000,2.738617001,0.008627592,NaN,202100000000,2.754087434,0.008612097,NaN,202100000000,2.738041624,0.008528347,NaN
202200000000,2.73522172,0.008850887,NaN,202200000000,2.750600601,0.008853785,NaN,202200000000,2.734765055,0.008934004,NaN
202300000000,2.732794469,0.008544015,NaN,202300000000,2.74860974,0.00849274,NaN,202300000000,2.732095199,0.008677014,NaN
202400000000,2.731661084,0.007920014,NaN,202400000000,2.747596185,0.007961744,NaN,202400000000,2.730771044,0.008043624,NaN
202500000000,2.730473336,0.006863893,NaN,202500000000,2.746309992,0.006972549,NaN,202500000000,2.729441344,0.006965426,NaN
202600000000,2.7343047,0.006290152,NaN,202600000000,2.749951302,0.006473797,NaN,202600000000,2.733235353,0.006396709,NaN
202700000000,2.73482924,0.006705163,NaN,202700000000,2.750196189,0.006908572,NaN,202700000000,2.733559403,0.006791845,NaN
202800000000,2.733137189,0.006824302,NaN,202800000000,2.748370659,0.006848862,NaN,202800000000,2.732049959,0.006813864,NaN
202900000000,2.734369363,0.005148639,NaN,202900000000,2.749859767,0.00530431,NaN,202900000000,2.733524133,0.005201606,NaN
203000000000,2.739603314,0.006180314,NaN,203000000000,2.754869873,0.006349555,NaN,203000000000,2.738749007,0.006281739,NaN
203100000000,2.738491615,0.007439486,NaN,203100000000,2.753641194,0.007513659,NaN,203100000000,2.737459562,0.007549697,NaN
203200000000,2.736651574,0.007851654,NaN,203200000000,2.75188827,0.007899848,NaN,203200000000,2.735629826,0.007937562,NaN
203300000000,2.736013351,0.007707449,NaN,203300000000,2.751371015,0.007819244,NaN,203300000000,2.73498563,0.00777317,NaN
203400000000,2.73555001,0.007786111,NaN,203400000000,2.750739128,0.00805971,NaN,203400000000,2.734583514,0.007848725,NaN
203500000000,2.733483735,0.007848931,NaN,203500000000,2.74811196,0.007943793,NaN,203500000000,2.732571621,0.007970507,NaN
203600000000,2.735150782,0.006796482,NaN,203600000000,2.750386102,0.006829376,NaN,203600000000,2.73418235,0.006889934,NaN
203700000000,2.735702736,0.007570594,NaN,203700000000,2.751022752,0.007751369,NaN,203700000000,2.734710752,0.007678692,NaN
203800000000,2.73315072,0.007853933,NaN,203800000000,2.747977369,0.007977121,NaN,203800000000,2.731988422,0.007972978,NaN
203900000000,2.733110798,0.006114428,NaN,203900000000,2.74817511,0.006242074,NaN,203900000000,2.732017581,0.006229418,NaN
204000000000,2.738216473,0.006792145,NaN,204000000000,2.753144942,0.007036797,NaN,204000000000,2.737045881,0.006921192,NaN
204100000000,2.735901786,0.008639086,NaN,204100000000,2.750232791,0.008763434,NaN,204100000000,2.734918237,0.008807817,NaN
204200000000,2.731150305,0.008123456,NaN,204200000000,2.745542078,0.008116771,NaN,204200000000,2.729723865,0.008360511,NaN
204300000000,2.730575515,0.006585486,NaN,204300000000,2.745630772,0.006603887,NaN,204300000000,2.729115688,0.006725238,NaN
204400000000,2.733322365,0.00569912,NaN,204400000000,2.748350385,0.005809917,NaN,204400000000,2.731851987,0.005785042,NaN
204500000000,2.736787152,0.005887676,NaN,204500000000,2.751729578,0.006090123,NaN,204500000000,2.735417827,0.005943963,NaN
204600000000,2.738287445,0.006885984,NaN,204600000000,2.752850494,0.007129358,NaN,204600000000,2.73688126,0.006956234,NaN
204700000000,2.736854262,0.008022802,NaN,204700000000,2.751248786,0.00814325,NaN,204700000000,2.735413903,0.008092589,NaN
204800000000,2.734435084,0.008223982,NaN,204800000000,2.748984302,0.008250398,NaN,204800000000,2.733049179,0.008268784,NaN
204900000000,2.732886589,0.007232696,NaN,204900000000,2.747582644,0.007393866,NaN,204900000000,2.731464185,0.007291227,NaN
205000000000,2.735259525,0.007201965,NaN,205000000000,2.749621718,0.007398941,NaN,205000000000,2.733921897,0.007247186,NaN
205100000000,2.73409028,0.007663136,NaN,205100000000,2.748283216,0.007718961,NaN,205100000000,2.732784044,0.007716373,NaN
205200000000,2.733828482,0.007065475,NaN,205200000000,2.74841747,0.007124797,NaN,205200000000,2.732517355,0.007118909,NaN
205300000000,2.735728162,0.007205025,NaN,205300000000,2.750117259,0.007392201,NaN,205300000000,2.734346521,0.007243148,NaN
205400000000,2.735941463,0.007930117,NaN,205400000000,2.749720955,0.008111746,NaN,205400000000,2.734566281,0.007969327,NaN
205500000000,2.733844987,0.008125165,NaN,205500000000,2.7477443,0.008116994,NaN,205500000000,2.732641701,0.008232437,NaN
205600000000,2.733527672,0.007733705,NaN,205600000000,2.747853739,0.007778584,NaN,205600000000,2.732186121,0.007865764,NaN
205700000000,2.733433082,0.008032101,NaN,205700000000,2.747796811,0.008104514,NaN,205700000000,2.732132601,0.008141358,NaN
205800000000,2.731705008,0.007841345,NaN,205800000000,2.746128566,0.007912006,NaN,205800000000,2.730250427,0.007948762,NaN
205900000000,2.731863283,0.007054513,NaN,205900000000,2.746291973,0.007239362,NaN,205900000000,2.730531051,0.007133189,NaN
206000000000,2.734318952,0.007164118,NaN,206000000000,2.748525864,0.007412298,NaN,206000000000,2.733116098,0.007268801,NaN
206100000000,2.734001265,0.007959613,NaN,206100000000,2.747982508,0.008215296,NaN,206100000000,2.732793515,0.008184929,NaN
206200000000,2.731678742,0.007801241,NaN,206200000000,2.745583921,0.007955948,NaN,206200000000,2.730194649,0.008066209,NaN
206300000000,2.731786994,0.007048635,NaN,206300000000,2.745984278,0.007226888,NaN,206300000000,2.730237348,0.007226165,NaN
206400000000,2.7330421,0.007210364,NaN,206400000000,2.747033379,0.007482773,NaN,206400000000,2.731505947,0.007380491,NaN
206500000000,2.733551586,0.006963732,NaN,206500000000,2.747459481,0.007201582,NaN,206500000000,2.73181172,0.007166144,NaN
206600000000,2.734470397,0.007674584,NaN,206600000000,2.748192038,0.007902272,NaN,206600000000,2.732552693,0.00783202,NaN
206700000000,2.732885919,0.00811743,NaN,206700000000,2.746709689,0.008278389,NaN,206700000000,2.731000155,0.008255261,NaN
206800000000,2.731493683,0.007710025,NaN,206800000000,2.745582744,0.007925669,NaN,206800000000,2.729761792,0.007829676,NaN
206900000000,2.731804115,0.006955217,NaN,206900000000,2.74583661,0.007346796,NaN,206900000000,2.730165592,0.007097907,NaN
207000000000,2.735618621,0.007442972,NaN,207000000000,2.748871305,0.00799716,NaN,207000000000,2.733754445,0.007642776,NaN
207100000000,2.73338831,0.008603006,NaN,207100000000,2.745668203,0.008870753,NaN,207100000000,2.731237904,0.008813859,NaN
207200000000,2.730140263,0.008029379,NaN,207200000000,2.743362024,0.007983436,NaN,207200000000,2.727947185,0.008146437,NaN
207300000000,2.731435834,0.00738237,NaN,207300000000,2.744908896,0.007513063,NaN,207300000000,2.729373783,0.007438635,NaN
207400000000,2.731787716,0.007252934,NaN,207400000000,2.745072299,0.007415179,NaN,207400000000,2.729923469,0.007324235,NaN
207500000000,2.733158931,0.007054049,NaN,207500000000,2.746403733,0.007254197,NaN,207500000000,2.731353452,0.007180179,NaN
207600000000,2.735331646,0.007767056,NaN,207600000000,2.748465368,0.00794891,NaN,207600000000,2.733408272,0.007955604,NaN
207700000000,2.733894806,0.008415718,NaN,207700000000,2.746899983,0.008627298,NaN,207700000000,2.731781121,0.008566642,NaN
207800000000,2.732145926,0.008721715,NaN,207800000000,2.744993013,0.008871145,NaN,207800000000,2.73002745,0.008796258,NaN
207900000000,2.730231945,0.008536925,NaN,207900000000,2.743105015,0.008593049,NaN,207900000000,2.728154398,0.008634233,NaN
208000000000,2.729737133,0.007892325,NaN,208000000000,2.743046991,0.007963227,NaN,208000000000,2.727734482,0.008022903,NaN
208100000000,2.729664965,0.007633328,NaN,208100000000,2.74270103,0.00782921,NaN,208100000000,2.72756902,0.007793611,NaN
208200000000,2.730260274,0.006953076,NaN,208200000000,2.74329858,0.00712464,NaN,208200000000,2.728281894,0.007100887,NaN
208300000000,2.732121298,0.00701997,NaN,208300000000,2.745271207,0.007218302,NaN,208300000000,2.730134356,0.007214316,NaN
208400000000,2.733275282,0.007332582,NaN,208400000000,2.746505064,0.00773594,NaN,208400000000,2.731456619,0.007630761,NaN
208500000000,2.733669023,0.008287818,NaN,208500000000,2.746185224,0.008762423,NaN,208500000000,2.731434274,0.008768438,NaN
208600000000,2.730540336,0.008106961,NaN,208600000000,2.742507787,0.008359275,NaN,208600000000,2.727476054,0.008520972,NaN
208700000000,2.730159248,0.008078763,NaN,208700000000,2.742503294,0.00821465,NaN,208700000000,2.726986071,0.008271937,NaN
208800000000,2.730472455,0.007781509,NaN,208800000000,2.742878796,0.007928083,NaN,208800000000,2.72752547,0.007856172,NaN
208900000000,2.730135154,0.007677122,NaN,208900000000,2.742675276,0.007856767,NaN,208900000000,2.727353796,0.007715688,NaN
209000000000,2.730781357,0.007243602,NaN,209000000000,2.743201114,0.007596578,NaN,209000000000,2.728124943,0.00730865,NaN
209100000000,2.733206117,0.007846743,NaN,209100000000,2.744720262,0.008212726,NaN,209100000000,2.73046221,0.007961219,NaN
209200000000,2.730677273,0.008751381,NaN,209200000000,2.741959517,0.008736222,NaN,209200000000,2.727806917,0.008836699,NaN
209300000000,2.727874004,0.007983065,NaN,209300000000,2.739912206,0.007871021,NaN,209300000000,2.725089043,0.008026421,NaN
209400000000,2.728832988,0.00669502,NaN,209400000000,2.740943953,0.006655473,NaN,209400000000,2.725941606,0.00670712,NaN
209500000000,2.733384024,0.006417981,NaN,209500000000,2.745633039,0.006391397,NaN,209500000000,2.730639725,0.006347231,NaN
209600000000,2.73494365,0.007864486,NaN,209600000000,2.747113727,0.007846979,NaN,209600000000,2.732362446,0.007754688,NaN
209700000000,2.734637607,0.008839824,NaN,209700000000,2.746649056,0.008818325,NaN,209700000000,2.732281574,0.008757648,NaN
209800000000,2.731373635,0.009674426,NaN,209800000000,2.743295483,0.009631193,NaN,209800000000,2.729044846,0.009674274,NaN
209900000000,2.727496464,0.008887524,NaN,209900000000,2.740177612,0.008672847,NaN,209900000000,2.725228308,0.008970591,NaN
210000000000,2.728606147,0.008105801,NaN,210000000000,2.741375425,0.008272806,NaN,210000000000,2.726317006,0.008315156,NaN
210100000000,2.728854208,0.008077298,NaN,210100000000,2.74107238,0.00819181,NaN,210100000000,2.726050433,0.00826958,NaN
210200000000,2.728523487,0.007782941,NaN,210200000000,2.740802157,0.007856263,NaN,210200000000,2.725654667,0.007915148,NaN
210300000000,2.728895411,0.007521621,NaN,210300000000,2.741260388,0.00763794,NaN,210300000000,2.726117728,0.007620753,NaN
210400000000,2.72972205,0.007201769,NaN,210400000000,2.742176273,0.007436758,NaN,210400000000,2.727087532,0.007320974,NaN
210500000000,2.73221695,0.007816705,NaN,210500000000,2.744086173,0.008176423,NaN,210500000000,2.729480051,0.00801915,NaN
210600000000,2.729542031,0.008575931,NaN,210600000000,2.741156878,0.008742678,NaN,210600000000,2.72643716,0.008796835,NaN
210700000000,2.727871793,0.007904901,NaN,210700000000,2.739528554,0.008021857,NaN,210700000000,2.724590839,0.008032287,NaN
210800000000,2.729946635,0.007655663,NaN,210800000000,2.741484459,0.007742999,NaN,210800000000,2.726626757,0.007689475,NaN
210900000000,2.72974962,0.007821505,NaN,210900000000,2.741357262,0.0078188,NaN,210900000000,2.726540216,0.007802304,NaN
211000000000,2.729880739,0.008032183,NaN,211000000000,2.741441175,0.00801609,NaN,211000000000,2.72680509,0.007979946,NaN
211100000000,2.729506938,0.0082162,NaN,211100000000,2.740928442,0.008175246,NaN,211100000000,2.726411434,0.008145433,NaN
211200000000,2.728572787,0.008076338,NaN,211200000000,2.740065243,0.007974125,NaN,211200000000,2.725585747,0.008036617,NaN
211300000000,2.727655616,0.007962127,NaN,211300000000,2.739208408,0.007816295,NaN,211300000000,2.724640139,0.007914346,NaN
211400000000,2.727667533,0.006961401,NaN,211400000000,2.739497369,0.006759531,NaN,211400000000,2.724540144,0.006851393,NaN
211500000000,2.732290596,0.006752771,NaN,211500000000,2.74430167,0.006585117,NaN,211500000000,2.729291926,0.006561376,NaN
211600000000,2.733396125,0.008377268,NaN,211600000000,2.745544718,0.008232931,NaN,211600000000,2.730776482,0.008179537,NaN
211700000000,2.730612066,0.009441831,NaN,211700000000,2.742660426,0.0093186,NaN,211700000000,2.728405853,0.009339517,NaN
211800000000,2.727177447,0.008759893,NaN,211800000000,2.739677227,0.008544986,NaN,211800000000,2.724875919,0.008819779,NaN
211900000000,2.727368762,0.008653733,NaN,211900000000,2.740163385,0.008662258,NaN,211900000000,2.724980315,0.008747032,NaN
212000000000,2.726380628,0.008094249,NaN,212000000000,2.738653758,0.008203788,NaN,212000000000,2.7236748,0.00830235,NaN
212100000000,2.727131246,0.007656635,NaN,212100000000,2.739268629,0.007728481,NaN,212100000000,2.724220848,0.007745897,NaN
212200000000,2.727743243,0.007480611,NaN,212200000000,2.739707466,0.007559854,NaN,212200000000,2.724820269,0.007526992,NaN
212300000000,2.728453,0.007338537,NaN,212300000000,2.740424597,0.007430816,NaN,212300000000,2.725498939,0.007380021,NaN
212400000000,2.729200775,0.007235117,NaN,212400000000,2.741171341,0.007426739,NaN,212400000000,2.726474438,0.007304817,NaN
212500000000,2.730877721,0.007612161,NaN,212500000000,2.742233726,0.007785963,NaN,212500000000,2.728069114,0.007727269,NaN
212600000000,2.730310204,0.008315667,NaN,212600000000,2.741699773,0.008340751,NaN,212600000000,2.727387002,0.008401457,NaN
212700000000,2.728332689,0.008142644,NaN,212700000000,2.740033628,0.008089373,NaN,212700000000,2.725350645,0.00826211,NaN
212800000000,2.728459191,0.007763925,NaN,212800000000,2.740139279,0.0078193,NaN,212800000000,2.725357745,0.007838864,NaN
212900000000,2.729691325,0.007773589,NaN,212900000000,2.741295312,0.007817926,NaN,212900000000,2.726658162,0.007858471,NaN
213000000000,2.729286293,0.008163577,NaN,213000000000,2.740770535,0.008203162,NaN,213000000000,2.725987876,0.008293996,NaN
213100000000,2.728724637,0.008216922,NaN,213100000000,2.740094397,0.008224236,NaN,213100000000,2.725213923,0.008276821,NaN
213200000000,2.728029008,0.008163703,NaN,213200000000,2.739367163,0.008140855,NaN,213200000000,2.7247641,0.008166683,NaN
213300000000,2.727120578,0.0077632,NaN,213300000000,2.73848833,0.007712788,NaN,213300000000,2.723921751,0.007758963,NaN
213400000000,2.727627661,0.007089069,NaN,213400000000,2.738981249,0.006979362,NaN,213400000000,2.72437641,0.007062827,NaN
213500000000,2.730834077,0.006669979,NaN,213500000000,2.742492342,0.006529968,NaN,213500000000,2.727646796,0.006538574,NaN
213600000000,2.732564129,0.008323058,NaN,213600000000,2.744206798,0.008237102,NaN,213600000000,2.729810374,0.008154834,NaN
213700000000,2.729079832,0.008834893,NaN,213700000000,2.740826943,0.008658853,NaN,213700000000,2.726368759,0.008931438,NaN
213800000000,2.727187416,0.008131664,NaN,213800000000,2.739281387,0.007985158,NaN,213800000000,2.724155893,0.008229905,NaN
213900000000,2.728379976,0.007567483,NaN,213900000000,2.740353038,0.007783014,NaN,213900000000,2.725370001,0.007733591,NaN
214000000000,2.728616292,0.007926573,NaN,214000000000,2.739940188,0.007925447,NaN,214000000000,2.725066178,0.008006985,NaN
214100000000,2.728555841,0.007802861,NaN,214100000000,2.739925786,0.007767389,NaN,214100000000,2.725174464,0.007792586,NaN
214200000000,2.728430507,0.007679532,NaN,214200000000,2.740045192,0.007664357,NaN,214200000000,2.725193374,0.007674572,NaN
214300000000,2.728728436,0.00753486,NaN,214300000000,2.740430032,0.007555456,NaN,214300000000,2.725752531,0.007565133,NaN
214400000000,2.729168396,0.007407065,NaN,214400000000,2.740943908,0.007582316,NaN,214400000000,2.726215581,0.007489859,NaN
214500000000,2.729975694,0.00763405,NaN,214500000000,2.740773663,0.007765342,NaN,214500000000,2.726765155,0.007807741,NaN
214600000000,2.729803456,0.007838493,NaN,214600000000,2.741084343,0.007772601,NaN,214600000000,2.726514504,0.007960393,NaN
214700000000,2.729548291,0.007751865,NaN,214700000000,2.740885202,0.007722184,NaN,214700000000,2.726160132,0.007881776,NaN
214800000000,2.729471243,0.008000716,NaN,214800000000,2.740837802,0.007968286,NaN,214800000000,2.725921058,0.008070435,NaN
214900000000,2.728570962,0.007828705,NaN,214900000000,2.739892019,0.0076974,NaN,214900000000,2.725032999,0.007815968,NaN
215000000000,2.72973099,0.007778119,NaN,215000000000,2.741183962,0.007676808,NaN,215000000000,2.726112066,0.007711774,NaN
215100000000,2.729515001,0.007946042,NaN,215100000000,2.740885029,0.00781381,NaN,215100000000,2.725960049,0.007822782,NaN
215200000000,2.729221059,0.008010203,NaN,215200000000,2.740801056,0.007859579,NaN,215200000000,2.725880663,0.007900828,NaN
215300000000,2.728892692,0.007961902,NaN,215300000000,2.7405989,0.007857831,NaN,215300000000,2.725593697,0.00786409,NaN
215400000000,2.728390082,0.00768167,NaN,215400000000,2.740021441,0.007636767,NaN,215400000000,2.725047127,0.007561676,NaN
215500000000,2.730660116,0.007056104,NaN,215500000000,2.741855801,0.007069848,NaN,215500000000,2.727512306,0.006878265,NaN
215600000000,2.730459966,0.008512974,NaN,215600000000,2.741618134,0.008119378,NaN,215600000000,2.727686895,0.008512328,NaN
215700000000,2.729257973,0.008147982,NaN,215700000000,2.741227663,0.00786239,NaN,215700000000,2.72598832,0.008169261,NaN
215800000000,2.7292208,0.007874917,NaN,215800000000,2.741339465,0.007772175,NaN,215800000000,2.726007511,0.007841532,NaN
215900000000,2.729313225,0.007731203,NaN,215900000000,2.740909571,0.007778685,NaN,215900000000,2.725956188,0.007763655,NaN
216000000000,2.730003675,0.00764548,NaN,216000000000,2.741399178,0.007529715,NaN,216000000000,2.726554949,0.007566476,NaN
216100000000,2.730161004,0.007758163,NaN,216100000000,2.741969174,0.007607407,NaN,216100000000,2.726977012,0.007645011,NaN
216200000000,2.730110452,0.007790907,NaN,216200000000,2.742074607,0.007671808,NaN,216200000000,2.727110462,0.007707004,NaN
216300000000,2.730434845,0.00790695,NaN,216300000000,2.742461421,0.007863298,NaN,216300000000,2.727487578,0.00785408,NaN
216400000000,2.730094938,0.008273714,NaN,216400000000,2.741853032,0.008421071,NaN,216400000000,2.72709337,0.008275934,NaN
216500000000,2.7280009,0.007836689,NaN,216500000000,2.738490645,0.007711177,NaN,216500000000,2.724535146,0.007868191,NaN
216600000000,2.73025618,0.00771461,NaN,216600000000,2.741912934,0.00729908,NaN,216600000000,2.727007248,0.007565914,NaN
216700000000,2.729664973,0.007959956,NaN,216700000000,2.741852141,0.007677332,NaN,216700000000,2.726723007,0.00783549,NaN
216800000000,2.729682103,0.007795643,NaN,216800000000,2.741868063,0.007640384,NaN,216800000000,2.726677113,0.007743549,NaN
216900000000,2.729871171,0.007696048,NaN,216900000000,2.742006912,0.00758078,NaN,216900000000,2.726805325,0.007669956,NaN
217000000000,2.730094953,0.007588941,NaN,217000000000,2.742095117,0.007461537,NaN,217000000000,2.726878557,0.00754127,NaN
217100000000,2.730839507,0.007557146,NaN,217100000000,2.742875718,0.007377003,NaN,217100000000,2.727693879,0.007465428,NaN
217200000000,2.731747908,0.007858767,NaN,217200000000,2.743987596,0.007707405,NaN,217200000000,2.728585936,0.007740767,NaN
217300000000,2.731682841,0.008282136,NaN,217300000000,2.743784633,0.008186674,NaN,217300000000,2.728457111,0.008137859,NaN
217400000000,2.730199722,0.008882165,NaN,217400000000,2.741939861,0.008865411,NaN,217400000000,2.727221222,0.008668155,NaN
217500000000,2.725941048,0.007678602,NaN,217500000000,2.737239034,0.007398478,NaN,217500000000,2.723430801,0.007654072,NaN
217600000000,2.731634184,0.006893544,NaN,217600000000,2.743686776,0.006549387,NaN,217600000000,2.728203025,0.006942337,NaN
217700000000,2.732380405,0.007853696,NaN,217700000000,2.744365847,0.007530001,NaN,217700000000,2.72888271,0.00768418,NaN
217800000000,2.731169218,0.008174857,NaN,217800000000,2.743584065,0.00782583,NaN,217800000000,2.727991545,0.007860889,NaN
217900000000,2.730075422,0.007953669,NaN,217900000000,2.74275732,0.007608391,NaN,217900000000,2.727373411,0.007644458,NaN
218000000000,2.730589801,0.007560281,NaN,218000000000,2.74335949,0.007269628,NaN,218000000000,2.727964572,0.007310481,NaN
218100000000,2.731553147,0.007697917,NaN,218100000000,2.744539016,0.007442175,NaN,218100000000,2.729016336,0.007478328,NaN
218200000000,2.731440626,0.00784221,NaN,218200000000,2.744559826,0.007637783,NaN,218200000000,2.729129986,0.007668284,NaN
218300000000,2.731450934,0.0078405,NaN,218300000000,2.744843293,0.00770883,NaN,218300000000,2.729304988,0.007751221,NaN
218400000000,2.731836126,0.008157115,NaN,218400000000,2.745230783,0.008336664,NaN,218400000000,2.729761457,0.008160164,NaN
218500000000,2.729263535,0.008446618,NaN,218500000000,2.740996389,0.008470189,NaN,218500000000,2.726873745,0.008527465,NaN
218600000000,2.731689999,0.006808835,NaN,218600000000,2.744389233,0.006632202,NaN,218600000000,2.729068963,0.006844342,NaN
218700000000,2.732415416,0.007801963,NaN,218700000000,2.745036948,0.007746237,NaN,218700000000,2.729715172,0.007844071,NaN
218800000000,2.73210755,0.007629722,NaN,218800000000,2.744740981,0.007535957,NaN,218800000000,2.729308256,0.007645672,NaN
218900000000,2.732376506,0.007824244,NaN,218900000000,2.744797229,0.007686436,NaN,218900000000,2.729626329,0.007793943,NaN
219000000000,2.731072244,0.007579801,NaN,219000000000,2.743863819,0.007350412,NaN,219000000000,2.728350964,0.007509713,NaN
219100000000,2.732672428,0.00709874,NaN,219100000000,2.745767021,0.006908859,NaN,219100000000,2.730124932,0.007029047,NaN
219200000000,2.735393822,0.007774261,NaN,219200000000,2.748638765,0.007670183,NaN,219200000000,2.732935175,0.007691614,NaN
219300000000,2.73500632,0.009072754,NaN,219300000000,2.748014567,0.009076432,NaN,219300000000,2.732585314,0.008949197,NaN
219400000000,2.730443691,0.010015607,NaN,219400000000,2.742549404,0.00992283,NaN,219400000000,2.728355139,0.009914952,NaN
219500000000,2.724686316,0.007994177,NaN,219500000000,2.737477391,0.007562805,NaN,219500000000,2.722037822,0.008123125,NaN
219600000000,2.732200381,0.004658181,NaN,219600000000,2.745492936,0.004322397,NaN,219600000000,2.72933302,0.004581452,NaN
219700000000,2.736467847,0.007800465,NaN,219700000000,2.749809379,0.007503421,NaN,219700000000,2.733850311,0.007608627,NaN
219800000000,2.732176412,0.008370255,NaN,219800000000,2.745832646,0.007923807,NaN,219800000000,2.730275481,0.008102927,NaN
219900000000,2.732620037,0.007214276,NaN,219900000000,2.746838069,0.006950057,NaN,219900000000,2.730698417,0.007117336,NaN
220000000000,2.734738366,0.007422915,NaN,220000000000,2.749062389,0.007379817,NaN,220000000000,2.732986881,0.007403248,NaN
