Freq_Hz,EpsReal_mean,EpsReal_std,TanDelta_mean,TanDelta_std
500000000000,2.73571836733333,0.00717091344083774,0.0136180288333333,0.000132187323097817
500333333333.333,2.73652678066667,0.00718234293463873,0.0136719308333333,0.000190486965552414
500666666666.667,2.73557563833333,0.00677647853262576,0.013696755,0.000238128032590033
501000000000,2.73463563733333,0.00658814302129357,0.0137621005,0.00016469239171589
501333333333.333,2.73574764833333,0.00660863451831276,0.013775683,0.000134409063405709
501666666666.667,2.73511083216667,0.00643272847755759,0.0142359213333333,0.000101160413549306
502000000000,2.734013998,0.00645576744455374,0.0142947666666667,0.000103024287578545
502333333333.333,2.7341753575,0.00651608286775591,0.013694547,0.000123088720833389
502666666666.667,2.73468517333333,0.00628030371870843,0.0129333631666667,0.000112550149893133
503000000000,2.73742205233333,0.00631633797220272,0.0127716833333333,0.000111412643958694
503333333333.333,2.73837837783333,0.0061213983872933,0.013549866,0.000111788065071366
503666666666.667,2.73769493333333,0.00611078606951969,0.0141241173333333,0.000145324088816227
504000000000,2.73522985783333,0.00589380401250374,0.0141715006666667,0.000156376240261322
504333333333.333,2.73455770616667,0.00595633418765248,0.013556134,0.000126614709090216
504666666666.667,2.73608829766667,0.00576654146615661,0.0133371855,0.000101762810422571
505000000000,2.735936994,0.00565638219995143,0.0139278648333333,8.33032043235235e-05
505333333333.333,2.7343583595,0.00565349687240498,0.01375571,8.44281064883018e-05
505666666666.667,2.73389643216667,0.00570259303337481,0.0131390595,7.34431753146604e-05
506000000000,2.73442234166667,0.00565402278917851,0.0125521373333333,7.14340920532113e-05
506333333333.333,2.737598857,0.00559779274514917,0.0123666143333333,8.61803299382559e-05
506666666666.667,2.7383801865,0.00547677140538469,0.0134604305,8.74723936056401e-05
507000000000,2.73652029016667,0.00546052001592278,0.0142872106666667,0.000113709258531866
507333333333.333,2.73333937083333,0.00548017498263779,0.0141623688333333,0.000111930345139139
507666666666.667,2.73267533483333,0.00552030028852171,0.0131600863333333,0.000105867627485774
508000000000,2.73439914016667,0.00549742774450057,0.0129086738333333,0.000109539939874763
508333333333.333,2.73363234983333,0.00546940860473986,0.0134020303333333,0.000106456917580149
508666666666.667,2.73213195733333,0.00540699119831701,0.013030049,0.000101530136527043
509000000000,2.73236502566667,0.00553947458384697,0.01258434,8.75123778970723e-05
509333333333.333,2.73298424616667,0.00541105803027362,0.012314705,9.4463887972071e-05
509666666666.667,2.73529110416667,0.00521818225533557,0.0121702023333333,7.49856930558534e-05
510000000000,2.73595811666667,0.00519131133261825,0.0134496706666667,0.000128675048867551
510333333333.333,2.733331766,0.00523236704488788,0.01418044,0.000117854736855164
510666666666.667,2.730551002,0.00531668353914428,0.0138915563333333,0.00010624509585231
511000000000,2.72936282766667,0.00530570871829271,0.0130025395,0.000153943098028784
511333333333.333,2.7308635115,0.00529186873127853,0.0125447588333333,0.000177123488191055
511666666666.667,2.73067782266667,0.00522503595659574,0.0129788135,0.00011042234023557
512000000000,2.72994238066667,0.00521894094337871,0.0129502316666667,8.31439106168737e-05
512333333333.333,2.72973007683333,0.0052367192010746,0.0126322385,0.000106654380869705
512666666666.667,2.73031075816667,0.00520987663070404,0.0123577518333333,0.000100619691085625
513000000000,2.73279518666667,0.00517152549676553,0.0125844271666667,0.000139343487838387
513333333333.333,2.73234848066667,0.00510248750853897,0.0137073746666667,0.000181101284168463
513666666666.667,2.72872938216667,0.00530475238903003,0.0140321103333333,0.000178552878375754
514000000000,2.7268854345,0.00552843117367095,0.0134792406666667,0.000147917964144544
514333333333.333,2.72678907166667,0.0055536136142025,0.0127985055,0.00019637446072313
514666666666.667,2.72856498683333,0.00548267323289923,0.0124841946666667,0.000214904038571328
515000000000,2.728767138,0.00549591399835532,0.0130142165,0.00012325204707225
515333333333.333,2.72838337416667,0.00538928494152999,0.0131626195,7.94261427660944e-05
515666666666.667,2.72787578783333,0.00546104032311235,0.0130892628333333,0.000108740391217646
516000000000,2.7274845115,0.00546692282561695,0.012791993,0.000131104283569989
516333333333.333,2.72957391833333,0.00540958744922005,0.0131234596666667,0.000162257106325321
516666666666.667,2.72841012166667,0.00544116353591314,0.0140068811666667,0.000188366271453694
517000000000,2.725853836,0.00574306280215184,0.0139242901666667,0.000196648048689446
517333333333.333,2.72484070883333,0.00591560785581118,0.0135803818333333,0.00017707931537186
517666666666.667,2.72487280183333,0.00582995911597055,0.01308152,0.00019615160673112
518000000000,2.72618993233333,0.00571412478737775,0.0129262853333333,0.000207750554059109
518333333333.333,2.7267420935,0.00573562925684578,0.0133011266666667,0.000146455259713902
518666666666.667,2.72641212083333,0.00575158996371275,0.0136356378333333,0.000103335905156758
519000000000,2.7259859595,0.00587887056153903,0.0135777328333333,0.000151068248030374
519333333333.333,2.72547181316667,0.00586648731093307,0.0133029083333333,0.000192537866127852
519666666666.667,2.72671904766667,0.00582916370023462,0.0135956325,0.000184030073257335
520000000000,2.7263845055,0.00598984495700185,0.0139032161666667,0.000184764557617977
520333333333.333,2.725589501,0.00621652351411253,0.014109693,0.000175505737446956
520666666666.667,2.724919921,0.0062597214342049,0.0140639851666667,0.00015542003211223
521000000000,2.72462937966667,0.00614965047517228,0.0137389296666667,0.000155456504515786
521333333333.333,2.725517324,0.00610491935417293,0.01356794,0.000152117779060832
521666666666.667,2.7259281585,0.00617602351354697,0.0137104718333333,0.000131811407470547
522000000000,2.7264069005,0.00628397317205801,0.01401577,0.000131529370853813
522333333333.333,2.72594045183333,0.00635746548971801,0.0141718776666667,0.000165549950346917
522666666666.667,2.7255289185,0.00634135609190619,0.013986331,0.000173089439716003
523000000000,2.72625943233333,0.00636412418205082,0.0140955786666667,0.00015889423791147
523333333333.333,2.72645447833333,0.00649343942899173,0.0141009471666667,0.000138332366811844
523666666666.667,2.72694612933333,0.00650579480534113,0.0142623753333333,0.000116970155928197
524000000000,2.72662135033333,0.0064811100582211,0.0145002428333333,0.000123824759393938
524333333333.333,2.726380898,0.00641572546167409,0.0142503585,0.000119828163595626
524666666666.667,2.7271614815,0.00641888339490744,0.0142601955,0.000119179294207929
525000000000,2.7273029145,0.00645383188413667,0.0142402126666667,0.000112408690458819
525333333333.333,2.72798263266667,0.00652219912676113,0.0143298525,0.000127858078444422
525666666666.667,2.72790786666667,0.00652080151648299,0.0144584851666667,0.000141687578201361
526000000000,2.72836586716667,0.00660072945330253,0.0143039431666667,0.000128200481867139
526333333333.333,2.72927155466667,0.00655248476848238,0.0145927235,0.000115059141826714
526666666666.667,2.7289870675,0.0064853337074399,0.014586029,0.000114414785429157
527000000000,2.72935965433333,0.00652011174831896,0.0146492825,0.000120695388728402
527333333333.333,2.729117898,0.00644667735115402,0.0148246228333333,0.000147545421995285
527666666666.667,2.72907976683333,0.00644140315794229,0.0145030805,0.000182746139162227
528000000000,2.73079876633333,0.00651916966841623,0.0146519658333333,0.000209559564525618
528333333333.333,2.73064480016667,0.0064232128837582,0.014795374,0.00018047038860489
528666666666.667,2.73108358916667,0.00648916276175461,0.014794125,0.000141033080987405
529000000000,2.731420394,0.00652739583715067,0.0146079931666667,0.000112985973330174
529333333333.333,2.73208653433333,0.0065965181255421,0.0142717371666667,0.000150416192753861
529666666666.667,2.733085591,0.00641198857740566,0.01445721,0.000161940225815577
530000000000,2.732879678,0.00633297055089732,0.0146882993333333,0.000174654076185661
530333333333.333,2.73249154766667,0.0061504360336451,0.0147788671666667,0.000174183618412774
530666666666.667,2.7314940675,0.00596365055712189,0.014817066,0.000138557508821427
531000000000,2.73111110516667,0.00597533078613536,0.0143536943333333,0.000123161217567328
531333333333.333,2.73324405283333,0.00598351198443186,0.0140469773333333,0.000130545611766411
531666666666.667,2.73452191983333,0.00598393790509828,0.0144888053333333,0.0001104866417621
532000000000,2.73441630066667,0.00607847404963928,0.014897266,9.7859860288067e-05
532333333333.333,2.73346773866667,0.00595307215539451,0.0146463951666667,0.000118732032539525
532666666666.667,2.733633213,0.00586529072915663,0.0143858913333333,0.000132976196137003
533000000000,2.73432006616667,0.00585901483948814,0.014274862,0.000136092721867115
533333333333.333,2.734469454,0.00573345867930446,0.014331689,0.000141828052653909
533666666666.667,2.73427908983333,0.00553791109603052,0.0145267773333333,0.000157178608170027
534000000000,2.733753905,0.00546712823763757,0.0143745425,0.000163241216728803
534333333333.333,2.73426183333333,0.005568101036185,0.0141618171666667,0.000144458076264938
534666666666.667,2.73510390383333,0.00554604768597723,0.0140508921666667,0.000146163859740247
535000000000,2.735837794,0.00551038092851616,0.0142707101666667,0.000137609336574836
535333333333.333,2.73510441816667,0.00544299950792167,0.0145445095,0.000119344490853579
535666666666.667,2.733758668,0.00538236704624579,0.0144147435,0.000118236107362768
536000000000,2.73382511866667,0.00542792249351018,0.0139459078333333,0.000117178184024871
536333333333.333,2.73442698933333,0.00536268344628882,0.013775797,0.00011072564957949
536666666666.667,2.73505753866667,0.00533417146302042,0.0138455915,0.000108686600115654
537000000000,2.73471147633333,0.00512534080389692,0.0141325016666667,0.000116091889280288
537333333333.333,2.73394145316667,0.00510727700768401,0.0141824256666667,0.000110663342753898
537666666666.667,2.73350344716667,0.0050597578188622,0.0138534795,0.000113496578876634
538000000000,2.734006777,0.00505507390036337,0.0138179063333333,0.000118005498547596
538333333333.333,2.7338629655,0.00496277023170618,0.013981232,0.000130717629207387
538666666666.667,2.73314651133333,0.00498453050991879,0.0141193621666667,0.000133688615391763
539000000000,2.73228995816667,0.00505467866411908,0.0140710063333333,0.000112552231460183
539333333333.333,2.7317756185,0.00507904494004845,0.0136018773333333,0.000100727485485674
539666666666.667,2.73337285083333,0.00513132377845082,0.0133463393333333,9.88344571081698e-05
540000000000,2.7341129,0.00507357152815615,0.0136231391666667,9.75506740569567e-05
540333333333.333,2.73345269016667,0.00499365228575865,0.0140275935,8.94224529382862e-05
540666666666.667,2.73212116716667,0.00498528167245212,0.0141115788333333,8.26758139903479e-05
541000000000,2.730961245,0.00494521649453689,0.0137454843333333,7.75662242800736e-05
541333333333.333,2.73123872716667,0.00498768685457886,0.0136929895,7.97501146601059e-05
541666666666.667,2.73056928483333,0.0050202152131314,0.0137750711666667,9.91049487793962e-05
542000000000,2.7301553845,0.00506344320800617,0.0137477473333333,0.000131893470379192
542333333333.333,2.72969052333333,0.00520680346005614,0.0137946708333333,0.000137720011706966
542666666666.667,2.72945739916667,0.00529204762158499,0.0134232803333333,0.000126337971658036
543000000000,2.73099944266667,0.00526174097990669,0.0132081868333333,0.000120447214075572
543333333333.333,2.73172306833333,0.00521941891887423,0.0135842561666667,0.000123665214868882
543666666666.667,2.73047055066667,0.0051731767265872,0.0140130308333333,9.72382327223539e-05
544000000000,2.7291306945,0.0052048467856416,0.0140385181666667,7.96978703740989e-05
544333333333.333,2.72830393233333,0.00519521652075231,0.0137388371666667,0.000102354248641503
544666666666.667,2.72810849266667,0.00528020117226456,0.0137491991666667,0.000145066242820881
545000000000,2.72788586933333,0.00540342444853975,0.0137116688333333,0.000188543776002728
545333333333.333,2.72824576916667,0.00549531330255414,0.0136336331666667,0.000187546705192511
545666666666.667,2.72819741816667,0.00554041920599022,0.0136900486666667,0.000197198364855966
546000000000,2.7283959755,0.00557097697889062,0.0135274016666667,0.000185741162907598
546333333333.333,2.72887485866667,0.00558913632844453,0.013798759,0.000147089627801555
546666666666.667,2.728277403,0.00549711271248705,0.0140482491666667,0.000117674412391848
547000000000,2.72711785133333,0.00549887412385071,0.0140609608333333,0.000112568950275672
547333333333.333,2.72650317416667,0.0055289148407652,0.0139839013333333,0.000127600149765847
547666666666.667,2.7263494925,0.00551048267772646,0.0139686591666667,0.000156872878607383
548000000000,2.72605575516667,0.00556177426198504,0.0139500458333333,0.00020327620331403
548333333333.333,2.7262502565,0.00563495656101323,0.0139264275,0.00022727109885135
548666666666.667,2.72667892583333,0.00575706683027059,0.013950054,0.000178996146457962
549000000000,2.726847291,0.00586324475890433,0.0139524736666667,0.000144726742473762
549333333333.333,2.727147754,0.00593296485795233,0.0138771565,0.000150520101168913
549666666666.667,2.72733880283333,0.0060781532385327,0.0140826091666667,0.000129493805404609
550000000000,2.7269946555,0.00603075160333323,0.0142756026666667,9.63002447902741e-05
550333333333.333,2.72670296516667,0.00607753639201048,0.014398733,0.00010340591326225
550666666666.667,2.7263078385,0.00610924435374378,0.0144625291666667,0.000126656333323552
551000000000,2.72615615566667,0.00620938952074083,0.014477332,0.00014958991274949
551333333333.333,2.72645048783333,0.00631936646097199,0.01452813,0.000161801831707803
551666666666.667,2.72686590016667,0.00640796441570069,0.0145784488333333,0.000164253642200612
552000000000,2.7268900355,0.00640655664297025,0.0146446141666667,0.000163475141441648
552333333333.333,2.72689882266667,0.00644263061567882,0.0146781898333333,0.000162390197357373
552666666666.667,2.727005348,0.00648446122576447,0.014731987,0.000167166330830105
553000000000,2.72699800866667,0.00646265983311515,0.0148528768333333,0.000177599521005454
553333333333.333,2.72691370433333,0.00647395754582419,0.0150103268333333,0.000179980450191032
553666666666.667,2.72692789983333,0.00651684991099955,0.0151498183333333,0.000185184163510454
554000000000,2.72689448966667,0.00655639364606132,0.0151699456666667,0.000203510847343002
554333333333.333,2.72718844683333,0.00663694086503602,0.0151416291666667,0.000204580146277606
554666666666.667,2.72760941633333,0.0066940354639009,0.0151797176666667,0.000192699726362719
555000000000,2.7278297585,0.00665303359967938,0.0151967906666667,0.000188720202955239
555333333333.333,2.72787870333333,0.00661235947996789,0.0152526836666667,0.00019946260487687
555666666666.667,2.72794195183333,0.00662188825966591,0.0153776523333333,0.000212978564060956
556000000000,2.728018598,0.00652698625592554,0.0155525746666667,0.000220769197742499
556333333333.333,2.7281393375,0.00639868652632265,0.0157704501666667,0.000230609798852883
556666666666.667,2.727790035,0.00629104352501393,0.0158861233333333,0.000239090195239928
557000000000,2.72755480866667,0.00627827526274747,0.0158174826666667,0.000236034290710199
557333333333.333,2.72784732816667,0.0062139356890634,0.0157420528333333,0.000223788284153944
557666666666.667,2.72823489833333,0.00615096315331101,0.0156666733333333,0.000213383526745311
558000000000,2.72846087383333,0.00611665767621028,0.0156536393333333,0.000204394499705513
558333333333.333,2.72821315566667,0.00603147954451337,0.015635677,0.000196491767936472
558666666666.667,2.72814258083333,0.00594703857113654,0.0154713908333333,0.000183723871343292
559000000000,2.7286404515,0.00591290596517364,0.0152883398333333,0.00016984596199076
559333333333.333,2.72943200766667,0.00583292708406341,0.0153223571666667,0.000158744170943587
559666666666.667,2.73001236166667,0.0057504530190407,0.0155753298333333,0.000154001594485794
560000000000,2.72999147566667,0.00573499455866586,0.0157664193333333,0.000143602503679659
560333333333.333,2.72930272583333,0.00553864786989143,0.0155855951666667,0.000135812086866254
560666666666.667,2.729595255,0.00551260142599655,0.0151381258333333,0.000147573288658099
561000000000,2.7307819675,0.00545083291949721,0.0149665993333333,0.000169358224663188
561333333333.333,2.731192649,0.00538054647815089,0.0152305253333333,0.000187800552000964
561666666666.667,2.73073086666667,0.00530151004838118,0.01543042,0.000190327218550579
562000000000,2.73038206816667,0.00532779430499182,0.0152402995,0.000182631300593025
562333333333.333,2.7310875725,0.00535515105839127,0.0147954558333333,0.000163319865747455
562666666666.667,2.73283140116667,0.00542300330893574,0.0145855495,0.00015175415517046
563000000000,2.73387041933333,0.00527378266813376,0.0149952965,0.000135668081871529
563333333333.333,2.7333106595,0.00527542686316857,0.0152959496666667,0.000135039788645668
563666666666.667,2.732170563,0.0051310307735879,0.015202073,0.000137657060286787
564000000000,2.73193037666667,0.00499773344149004,0.0147456265,0.000148332096208137
564333333333.333,2.73282446216667,0.00495585155278737,0.0144427685,0.000169270469952381
564666666666.667,2.73368802366667,0.00491324477638117,0.0148215603333333,0.000180260193363556
565000000000,2.73302504,0.00485626873751636,0.0151310755,0.000172606440743965
565333333333.333,2.73231313133333,0.00483207276346726,0.0149130833333333,0.000162264553966252
565666666666.667,2.73230903533333,0.00483810456004193,0.0144852811666667,0.000152394666257605
566000000000,2.7335017855,0.00483576108503854,0.0141304696666667,0.000136033463894244
566333333333.333,2.73502809316667,0.0048234288326449,0.0143941463333333,0.000128494884839307
566666666666.667,2.734081205,0.00468538523887261,0.0148446165,0.000131025517686823
567000000000,2.73263942416667,0.00461006858750426,0.0148081873333333,0.000140103704248913
567333333333.333,2.73202108766667,0.00457544802406768,0.014561695,0.000131496672394399
567666666666.667,2.73221233966667,0.00454087503190255,0.0143197588333333,0.000120897332482428
568000000000,2.73282753683333,0.00453909307785584,0.0143240751666667,0.000121805573419966
568333333333.333,2.732605136,0.00452646969199807,0.014564953,0.000111034923194462
568666666666.667,2.7322306885,0.00451072930787139,0.0144366008333333,9.19557308783236e-05
569000000000,2.7320873575,0.00445488342409057,0.014182403,8.91669404162779e-05
569333333333.333,2.73201504083333,0.00445527514879502,0.014110678,9.17815706381189e-05
569666666666.667,2.73251738383333,0.0044754343342456,0.0141502438333333,8.63916262988879e-05
570000000000,2.73194339816667,0.00431004063857447,0.0143292005,0.000103459613988744
570333333333.333,2.73086078366667,0.00430453099971544,0.014385924,0.000116404174395938
570666666666.667,2.730436067,0.00432730446770795,0.0143110495,0.000103839735869753
571000000000,2.73027678933333,0.00435044484620691,0.014294322,9.46766109047005e-05
571333333333.333,2.72985836266667,0.00439259703745521,0.0141767976666667,9.83284589967051e-05
571666666666.667,2.7298916685,0.00444891308095719,0.0140085635,0.000101509710374427
572000000000,2.73009702416667,0.00444101662830561,0.0139028088333333,9.98536947186565e-05
572333333333.333,2.73010236133333,0.00445799397355449,0.0138582381666667,0.000114010397324834
572666666666.667,2.72984771366667,0.00452116295285086,0.0140030235,0.000125168809761457
573000000000,2.72935137333333,0.00454408133501917,0.0141469526666667,0.000110804104439622
573333333333.333,2.7287353045,0.0045491067454682,0.014138692,9.1081505966909e-05
573666666666.667,2.728396892,0.00454641054572027,0.0140863046666667,9.83214824169507e-05
574000000000,2.72820128316667,0.00455267035044713,0.014042773,0.000102407060699934
574333333333.333,2.72832923483333,0.00456116796036638,0.0141596485,9.63884629979128e-05
574666666666.667,2.72815904716667,0.00458690381974779,0.0141843626666667,0.000104872229654311
575000000000,2.72740111783333,0.00459257383647542,0.0141974675,0.000120117772970947
575333333333.333,2.72678726183333,0.00471750247977094,0.0140781933333333,0.00013720942691035
575666666666.667,2.72674273283333,0.00478995427361863,0.0138625465,0.000153700876806543
576000000000,2.72686547633333,0.00480587827126276,0.0139722148333333,0.000173521960276406
576333333333.333,2.72658917916667,0.00488007794059639,0.0141405256666667,0.000167957875476759
576666666666.667,2.72625344183333,0.00494885762282335,0.014266093,0.000131324391195238
577000000000,2.726057874,0.00499740894792328,0.0143465885,0.000107512887442855
577333333333.333,2.72586941983333,0.00507869273422029,0.0143317273333333,0.000106456941492167
577666666666.667,2.72568927683333,0.00508210987510988,0.0143831668333333,0.00011380543115584
578000000000,2.72552264233333,0.00513123440773181,0.0143378671666667,0.000125660837319217
578333333333.333,2.72519329366667,0.0051508962733943,0.0143758013333333,0.000136816444186606
578666666666.667,2.72460138733333,0.00524824431134103,0.0144131071666667,0.000155727196678572
579000000000,2.7243929755,0.00530181917446917,0.0142638868333333,0.000170284493468333
579333333333.333,2.72491439016667,0.00533177999974993,0.014338704,0.000170289122688444
579666666666.667,2.7249322655,0.00538065222852397,0.0145264465,0.000155472170359522
580000000000,2.72490341066667,0.00545100832692441,0.0146114416666667,0.000137620448650143
580333333333.333,2.72489045833333,0.00552794940754118,0.0146926606666667,0.000128476294559995
580666666666.667,2.72465001433333,0.00558847166301365,0.0147404085,0.00012794685339898
581000000000,2.72449925483333,0.00561736716430067,0.0147668885,0.00014863819205137
581333333333.333,2.72447370866667,0.005653302811933,0.0147067948333333,0.000165747360996689
581666666666.667,2.7244706315,0.0057104669423099,0.014736007,0.000165820055507167
582000000000,2.724504069,0.0058184331594733,0.0148443875,0.000159185176392464
582333333333.333,2.7246655475,0.00591941671738995,0.0148729775,0.000152714631520035
582666666666.667,2.7248924165,0.00597774634266863,0.0150475588333333,0.000140545563739901
583000000000,2.7246393245,0.00597823434400603,0.0150857925,0.000123978669603686
583333333333.333,2.72495640983333,0.00604848691067795,0.015064518,0.000113942242891739
583666666666.667,2.72518842766667,0.00603227202265787,0.0150982803333333,0.000113300566139215
584000000000,2.72535141466667,0.00607082731812735,0.0151848623333333,0.000136642787611592
584333333333.333,2.7251218635,0.00607305015886751,0.015396676,0.000164474888243768
584666666666.667,2.7247175765,0.00608945189501665,0.015343334,0.000179044339289462
585000000000,2.724956077,0.0060940502133507,0.0151940116666667,0.000184185180114652
585333333333.333,2.72564441383333,0.00618493605156326,0.0150838963333333,0.000172376578458521
585666666666.667,2.7270140315,0.00634708590429599,0.0152215236666667,0.000151577850529247
586000000000,2.72725978866667,0.00636912087353204,0.015654339,0.000127892625329219
586333333333.333,2.726629239,0.00628013943383938,0.0157577728333333,0.000108839056110234
586666666666.667,2.72601828733333,0.00622347017228381,0.0156670831666667,0.000101933791726623
587000000000,2.72601925383333,0.00619381138379886,0.0154505881666667,0.000108691924994301
587333333333.333,2.72688654166667,0.00616846018626819,0.0153134555,0.000133125235427022
587666666666.667,2.72732319433333,0.00614582690933743,0.0155429316666667,0.000166414626206553
588000000000,2.72727826633333,0.00615042239922742,0.0156945765,0.000192944731235398
588333333333.333,2.727327367,0.00616717968397567,0.0155495271666667,0.000212042056902321
588666666666.667,2.72781419916667,0.00619180647169616,0.0151991541666667,0.000223743328258446
589000000000,2.72930007966667,0.00625605390412655,0.015077887,0.000217293056400797
589333333333.333,2.73014559916667,0.00621442839569569,0.015496535,0.000177104722734319
589666666666.667,2.72987745016667,0.00605460487444632,0.015749205,0.00015089789881771
590000000000,2.72936091066667,0.00595869756126013,0.015861349,0.000140727307489343
590333333333.333,2.72904232316667,0.00590342880370639,0.0156614833333333,0.000146375133313916
590666666666.667,2.72976654666667,0.0058435346642432,0.0154055873333333,0.000156320091681993
591000000000,2.73059546466667,0.00577556466112517,0.0155794766666667,0.000174135588044106
591333333333.333,2.73063387266667,0.00575168914866997,0.0156115508333333,0.000195745018963362
591666666666.667,2.7303086495,0.00570244751044738,0.015517523,0.000230780092429135
592000000000,2.730530976,0.00569526922977507,0.0151566305,0.000253056029897531
592333333333.333,2.7315103515,0.00565772647745152,0.0147915381666667,0.000244467356077998
592666666666.667,2.7327323,0.00563893283216751,0.0151839713333333,0.000218038456330682
593000000000,2.73220876666667,0.00556655693979224,0.0153141423333333,0.000193682667216937
593333333333.333,2.732337616,0.00545604583132748,0.0153979708333333,0.000177949221586853
593666666666.667,2.73231545,0.00540597494229705,0.0153977195,0.000169664226768933
594000000000,2.73270918383333,0.00535379577842112,0.0153359556666667,0.000159775149267546
594333333333.333,2.732891812,0.00521029022660243,0.0157428255,0.000156928461525308
594666666666.667,2.73116340516667,0.0050793882183977,0.0157046841666667,0.000164099168150746
595000000000,2.7304546835,0.00505527970189804,0.0150527088333333,0.000208996827795464
595333333333.333,2.73089840183333,0.00509861402700949,0.0143564725,0.000195626270219263
595666666666.667,2.732498114,0.00495462503460075,0.0137722036666667,0.000175644938991896
596000000000,2.73526902316667,0.00492823974632061,0.0145031735,0.0001675812434418
596333333333.333,2.73400476833333,0.00487599093865094,0.0151034233333333,0.000141870002021099
596666666666.667,2.73298245533333,0.00476726072816513,0.0151728886666667,0.000132433382593161
597000000000,2.7323642205,0.00473814611469006,0.0149311013333333,0.000130644844957107
597333333333.333,2.73319691566667,0.00477296166629217,0.0146798166666667,0.000113631771897945
597666666666.667,2.73377420483333,0.00470920840133501,0.0152446258333333,0.000115766893145522
598000000000,2.73108472983333,0.00460156837869188,0.0153887201666667,0.000141644568850933
598333333333.333,2.7299150745,0.00464832111975576,0.0145577043333333,0.000130151893016839
598666666666.667,2.73017350366667,0.00467826222316819,0.0139965693333333,0.000110929929975038
599000000000,2.731273794,0.00456674529698615,0.0131819895,0.000105314763450809
599333333333.333,2.734573803,0.00454011032013604,0.0137921408333333,9.02504669803242e-05
599666666666.667,2.7340919385,0.00452731683576718,0.014647105,8.3013463939291e-05
600000000000,2.73275282533333,0.00446995373551267,0.014886405,8.49106357225052e-05
600333333333.333,2.73139189833333,0.00449437147136215,0.0147213196666667,7.75668066138259e-05
600666666666.667,2.73101217,0.00454912126810164,0.0141142613333333,7.27119212390008e-05
601000000000,2.7320746105,0.00444417621632053,0.0142356845,0.000121904579418084
601333333333.333,2.73118750583333,0.00432449197516269,0.0141312768333333,0.000139580675853668
601666666666.667,2.73121969066667,0.00437049233973154,0.0142756523333333,0.000127792812260575
602000000000,2.72976590466667,0.00442454321271561,0.0145784625,0.000113128094092935
602333333333.333,2.72910636,0.0044363900587817,0.01369917,0.000126789502085938
602666666666.667,2.731305173,0.00439572098472046,0.0139240276666667,0.000136764200465863
603000000000,2.73098546266667,0.00439188284507434,0.0145650365,0.000110222954804795
603333333333.333,2.72972947016667,0.00443812862600261,0.0147740405,8.27037499820898e-05
603666666666.667,2.72839331083333,0.00451103080405294,0.014508471,9.7032047697655e-05
604000000000,2.72883580883333,0.00449261541487532,0.013911644,0.000148053323218359
604333333333.333,2.72901174816667,0.00445713182091807,0.0144165391666667,0.000150136154172693
604666666666.667,2.72803604616667,0.00449569887853839,0.0143218318333333,0.00016296076485635
605000000000,2.72779216483333,0.00454556491754151,0.014270988,0.000183364319534636
605333333333.333,2.72725405116667,0.00465591594012581,0.0140464858333333,0.000196673339232766
605666666666.667,2.72894257416667,0.00463355423680634,0.0139539051666667,0.000198672754842144
606000000000,2.729236898,0.00465048396043176,0.0149363533333333,0.000151946285907444
606333333333.333,2.72694288766667,0.00476642605702913,0.015197025,0.000124542210855597
606666666666.667,2.72545417016667,0.00487051868148989,0.014850889,0.000148445353476625
607000000000,2.725223494,0.00489913795628842,0.0143115336666667,0.000182112943010283
607333333333.333,2.72611871916667,0.00485760644389742,0.0142626086666667,0.0002047115427226
607666666666.667,2.72603509766667,0.00488253659898507,0.0144959695,0.000222173481329118
608000000000,2.72562029066667,0.00490915283160366,0.014539358,0.000234242444861729
608333333333.333,2.72532914716667,0.00497964480367999,0.0145729398333333,0.000227764646538849
608666666666.667,2.72574154866667,0.00500599516115803,0.0143712275,0.000221287018562545
609000000000,2.72682538066667,0.00499602569542447,0.0146273135,0.000195632985327884
609333333333.333,2.72648802016667,0.00508779040138263,0.0151882153333333,0.000160164425939928
609666666666.667,2.72528223333333,0.00523879662291999,0.0154105338333333,0.000155313798209196
610000000000,2.72419612883333,0.00532332527090108,0.0153404348333333,0.000183130073924974
610333333333.333,2.72348355383333,0.00535298777943984,0.0150552,0.000209680036771267
610666666666.667,2.72367459766667,0.0054154404168122,0.0148710943333333,0.000227316924692084
611000000000,2.72399192633333,0.00539859754833022,0.0148308795,0.000241244704742508
611333333333.333,2.72441198133333,0.00541448539058432,0.0149214713333333,0.000232894773032515
611666666666.667,2.72462646416667,0.00544496924824059,0.015050449,0.000207010271963495
612000000000,2.72486725966667,0.00555764517994169,0.0151848456666667,0.000172813643061729
612333333333.333,2.72497629233333,0.00564677603422888,0.0153908008333333,0.000145562731076902
612666666666.667,2.72477007583333,0.00574458866244755,0.0155324666666667,0.000145642281797102
613000000000,2.72435403316667,0.00578009209866555,0.015605306,0.000157523005347156
613333333333.333,2.72409262583333,0.00580451645715479,0.0156608446666667,0.000177020534794884
613666666666.667,2.724189198,0.0058426472501281,0.0156082758333333,0.000183726247012686
614000000000,2.72429101683333,0.00588866910096225,0.0156433626666667,0.000191350671705816
614333333333.333,2.72427184983333,0.00587103292702354,0.0156557763333333,0.000189906269823475
614666666666.667,2.72444093983333,0.00591231198114035,0.0155870085,0.000176648051256446
615000000000,2.72468934883333,0.0059035748565701,0.0155261045,0.000153637340058659
615333333333.333,2.72552187816667,0.00600711370077958,0.0155595986666667,0.000137815583376723
615666666666.667,2.72598219883333,0.00608341999739316,0.015795878,0.000128033946684464
616000000000,2.725850929,0.00613249177785076,0.0160885245,0.000128342373692792
616333333333.333,2.72550555483333,0.00618221507583381,0.0162434126666667,0.000129356590571438
616666666666.667,2.72505163266667,0.0061723326702146,0.016198682,0.000129909372747312
617000000000,2.725353442,0.00613216964888432,0.0160395218333333,0.000138677381943006
617333333333.333,2.72630273483333,0.00615114085062083,0.0160486826666667,0.000149669523089594
617666666666.667,2.7266431075,0.00611394698943436,0.0162193508333333,0.000160914777734572
618000000000,2.7264069635,0.00607075815678199,0.0163010016666667,0.000165021559044468
618333333333.333,2.72640106,0.00603536835557842,0.0160206485,0.000174069641519422
618666666666.667,2.72713296633333,0.00611046344705805,0.0158129581666667,0.000192608012640613
619000000000,2.72855740066667,0.00617755107433066,0.0158078956666667,0.000196210377399022
619333333333.333,2.7296063895,0.00623412239191017,0.0162797375,0.000182282187182127
619666666666.667,2.729090133,0.00620083838171616,0.0167074086666667,0.000171114813929907
620000000000,2.72825214616667,0.00613441294420967,0.0167114293333333,0.000173669178895585
620333333333.333,2.72803424616667,0.00606179473469278,0.0163492811666667,0.000183785103787458
620666666666.667,2.72896048116667,0.00600293345673933,0.0160180208333333,0.000196695296343778
621000000000,2.73018318966667,0.00593769199183005,0.0162892985,0.000197534264442147
621333333333.333,2.72981265066667,0.00583662640005993,0.0164455605,0.00021866050638444
621666666666.667,2.729295747,0.00568991482126212,0.0162693085,0.000234414493417749
622000000000,2.729413073,0.00560632924731067,0.0158569101666667,0.000248918138236182
622333333333.333,2.731046034,0.00561588592140319,0.0156171515,0.000267185211913197
622666666666.667,2.73282325666667,0.00564674242400198,0.0159732118333333,0.000254573585193293
623000000000,2.73266034016667,0.0056298279832569,0.0165689463333333,0.000223855191692904
623333333333.333,2.73130986516667,0.00549889289282353,0.0166423248333333,0.000223225054343294
623666666666.667,2.7305420065,0.00542490629687456,0.0162582985,0.000232704955093569
624000000000,2.731167065,0.00535932172976993,0.0158134056666667,0.000221588026128369
624333333333.333,2.732043077,0.00522234121082328,0.0157724646666667,0.000211402909538793
624666666666.667,2.73201055016667,0.00510793270738037,0.0160693928333333,0.000218754436844986
625000000000,2.73110690283333,0.00500770142314578,0.0160176998333333,0.00022699232843373
625333333333.333,2.731101011,0.00497246484926554,0.0155309,0.000237588688865442
625666666666.667,2.73239335116667,0.00497300767520211,0.0153072851666667,0.000232678508439793
626000000000,2.73350743866667,0.0049917303986677,0.0156170081666667,0.000218459789938941
626333333333.333,2.73334600866667,0.00489753088480689,0.0160170265,0.00019818606183559
626666666666.667,2.73217147133333,0.00482085408089129,0.0159941793333333,0.00018014056696221
627000000000,2.731557592,0.00477420264807368,0.0156351836666667,0.000165289847503913
627333333333.333,2.73176710716667,0.00470900643488479,0.015371536,0.000157336479433093
627666666666.667,2.73208703233333,0.00462644082958667,0.0152470963333333,0.00015086467827118
628000000000,2.73220922433333,0.00462408605467095,0.0152321376666667,0.000151633357010477
628333333333.333,2.73203876783333,0.00460051381186928,0.0151709275,0.000154358158411857
628666666666.667,2.73223913116667,0.00455501635734894,0.0151589785,0.000152581280053288
629000000000,2.73254582033333,0.00456196916974097,0.0152256878333333,0.000145357371587982
629333333333.333,2.73210267383333,0.00454015850553132,0.0154051598333333,0.000131474131818266
629666666666.667,2.73125514916667,0.00447386074180348,0.0154591356666667,0.000131361647553107
630000000000,2.73040128183333,0.00446366013804058,0.0151979298333333,0.000112619719844114
630333333333.333,2.7305453475,0.0043731109729157,0.0147870088333333,8.6451644094064e-05
630666666666.667,2.73101827466667,0.00433738971718683,0.0146915688333333,7.5619258489929e-05
631000000000,2.73087556966667,0.00431045660634136,0.014779505,7.06739515635001e-05
631333333333.333,2.73113701383333,0.00432139208024363,0.0147664113333333,6.84550107433094e-05
631666666666.667,2.73112904516667,0.00431889783639443,0.0148021733333333,6.27511627929446e-05
632000000000,2.730744618,0.00430192873967499,0.0149385655,6.05256720334438e-05
632333333333.333,2.73020326216667,0.00437023416865148,0.015048285,6.63530880577534e-05
632666666666.667,2.7293308065,0.00437607886378192,0.0150470813333333,7.79858344538714e-05
633000000000,2.72880709833333,0.0043740423896824,0.01484992,8.06196596594154e-05
633333333333.333,2.72854845583333,0.00436129147000541,0.0146349548333333,8.23182800632196e-05
633666666666.667,2.72876105283333,0.00437236554966196,0.0145483641666667,7.38977353574966e-05
634000000000,2.72896697016667,0.00435647365209985,0.0146826661666667,5.69067401154436e-05
634333333333.333,2.72844248233333,0.00437183585501249,0.014710879,6.13750765311129e-05
634666666666.667,2.7282529075,0.00437914328726936,0.0145400885,7.70790804946456e-05
635000000000,2.72856113466667,0.00438761032752922,0.0145903586666667,8.82747012788302e-05
635333333333.333,2.72824351933333,0.00443813248936622,0.0148614763333333,9.00249922914004e-05
635666666666.667,2.72746257583333,0.00447823427703298,0.0150167421666667,0.000100388699675644
636000000000,2.72632555016667,0.00452988180086138,0.0149870611666667,0.000103360625712922
636333333333.333,2.72575914666667,0.00461315450535231,0.0145658818333333,0.000108083775950726
636666666666.667,2.7266364115,0.00462516998729515,0.0143438456666667,0.000123817419416925
637000000000,2.7273217715,0.00463066234005029,0.0147090188333333,0.000119887696994173
637333333333.333,2.72682612616667,0.00468275633281248,0.015128829,0.000106454141646063
637666666666.667,2.72539506416667,0.00480718321974922,0.0152473285,0.00010938093553586
638000000000,2.724393379,0.00486794086023113,0.0148608096666667,0.000132392936575433
638333333333.333,2.72503144766667,0.00483219427122779,0.0145557155,0.000159373153682482
638666666666.667,2.725349607,0.00484102514079077,0.014821296,0.000161156553845011
639000000000,2.72504205916667,0.00487961405627632,0.015093198,0.00015355954329445
639333333333.333,2.72413530983333,0.00495652303575106,0.0152146093333333,0.000143958692006654
639666666666.667,2.72374811783333,0.00500495594110404,0.0149971188333333,0.000149790727323712
640000000000,2.72450790466667,0.00505903013237099,0.0148749515,0.000144089247380573
640333333333.333,2.72494980233333,0.00518323594919539,0.0152598708333333,0.000140669510792377
640666666666.667,2.7244540585,0.00526824147341322,0.0155135101666667,0.000144613624235639
641000000000,2.7238033235,0.00535119733330563,0.015554519,0.00016008685104405
641333333333.333,2.7231716385,0.00538769355582252,0.0154603881666667,0.000171456797481368
641666666666.667,2.723482802,0.00543826866873923,0.0152474485,0.000186374086182334
642000000000,2.72390723633333,0.00546915476070837,0.0154350433333333,0.000180055654367939
642333333333.333,2.72389901483333,0.0055450947051742,0.0156890146666667,0.000173704222229244
642666666666.667,2.72344085816667,0.00553733988149546,0.0157175871666667,0.000164503445676274
643000000000,2.72355350766667,0.00559769395313389,0.0156945733333333,0.000142315323392342
643333333333.333,2.72408437866667,0.00566681410376783,0.0157025405,0.000131171480712463
643666666666.667,2.72436725883333,0.00579144020667694,0.015966561,0.000143020152368818
644000000000,2.72400760883333,0.00589161366334537,0.016202643,0.000161321439263353
644333333333.333,2.72355878466667,0.00589737243909241,0.0162008181666667,0.000170722197618724
644666666666.667,2.72334129616667,0.00589943663758235,0.0160825253333333,0.000165835016709579
645000000000,2.72365315583333,0.00597169338006211,0.015981644,0.000151875574782781
645333333333.333,2.72437727166667,0.00606168330475715,0.016113142,0.000137575874488226
645666666666.667,2.7246608025,0.00612640435149029,0.0163517771666667,0.000125592161988584
646000000000,2.72460764383333,0.00613163353630978,0.0164549785,0.000122901739508845
646333333333.333,2.72458733983333,0.00614077689481482,0.0163845785,0.000121231850552156
646666666666.667,2.72531371333333,0.00628569220022699,0.0164501251666667,0.0001285756385921
647000000000,2.72568878666667,0.00629695044650722,0.0166668818333333,0.000140951736541863
647333333333.333,2.72519986116667,0.00620654925724801,0.0168019813333333,0.000155468495731664
647666666666.667,2.725123379,0.00621354898361243,0.0168247165,0.000157116502756076
648000000000,2.725312193,0.00625002721143774,0.0167584593333333,0.000146349545581347
648333333333.333,2.72554339233333,0.00622553864497324,0.0166276885,0.000137667828114995
648666666666.667,2.7264293355,0.00625466081418086,0.0165678411666667,0.000140924569140255
649000000000,2.7271531485,0.00628274021837852,0.0167031678333333,0.000155495006258615
649333333333.333,2.72750765833333,0.00629058261154406,0.0168582193333333,0.000166858551109215
649666666666.667,2.7277653745,0.00623848806352563,0.0169291173333333,0.000178524332118249
650000000000,2.72751841966667,0.00616686258032953,0.0170444921666667,0.000183944718736273
650333333333.333,2.7274458985,0.00609407603567453,0.0170065723333333,0.000192855564555101
650666666666.667,2.72779729033333,0.00609517622587799,0.0168646761666667,0.000211110295623322
651000000000,2.7283341415,0.00608626898545585,0.0168270291666667,0.000207629963594291
651333333333.333,2.7290166875,0.00608151139504937,0.016829113,0.000206245259805893
651666666666.667,2.72942367283333,0.00604160729586444,0.0169494505,0.000216415563502028
652000000000,2.7294184365,0.00602148780782478,0.0169220966666667,0.000233087720325774
652333333333.333,2.72945597133333,0.00590992411404015,0.016694184,0.000246062495971247
652666666666.667,2.73054369116667,0.00587547676250514,0.016486993,0.000251068316490154
653000000000,2.73152497816667,0.00575881235667271,0.0167072211666667,0.000244394938058395
653333333333.333,2.73133974383333,0.00565437128328445,0.0170406573333333,0.00023862630531747
653666666666.667,2.73057895683333,0.00556768256733509,0.0170508575,0.000234807183069641
654000000000,2.73028128833333,0.00548422656618163,0.016798039,0.000237343578885969
654333333333.333,2.73105575,0.00548528096727911,0.0165209688333333,0.000235418775512419
654666666666.667,2.73180204283333,0.00543215326313761,0.0164914946666667,0.000243970279722482
655000000000,2.7321695055,0.00534685392472685,0.0165435535,0.000250729447462998
655333333333.333,2.73221839,0.00531753717961543,0.0165870413333333,0.000253711988967543
655666666666.667,2.731783433,0.00520468986104817,0.0164003458333333,0.000248050371219571
656000000000,2.732274442,0.00510884807672012,0.0160916233333333,0.000238284141937869
656333333333.333,2.73301704983333,0.00503257258853559,0.0161643143333333,0.000219595609029567
656666666666.667,2.732984567,0.00490534896601945,0.0162721496666667,0.000189069892385505
657000000000,2.73324510266667,0.00483486858480962,0.0164105165,0.000179081732768868
657333333333.333,2.73262856883333,0.00481020307858488,0.0166424446666667,0.000179027450057992
657666666666.667,2.7315067925,0.00472030185001671,0.01640845,0.000190261681310768
658000000000,2.73140894566667,0.00468935353024909,0.0159044485,0.000187480922085155
658333333333.333,2.73194839416667,0.00462358940160856,0.0156175716666667,0.000183508994489825
658666666666.667,2.73286093016667,0.00459293349707228,0.0157083641666667,0.000187588139763063
659000000000,2.732265554,0.00457004726051246,0.0159551701666667,0.000179650751850825
659333333333.333,2.73123683366667,0.00448048652242419,0.0156739938333333,0.000160148059646586
659666666666.667,2.73173490633333,0.00439957645296945,0.015309504,0.000137449656971562
660000000000,2.733023126,0.00432167443627808,0.0152369916666667,0.000125259398974555
660333333333.333,2.7340919575,0.00433062720896886,0.0159297963333333,0.000138521949894833
660666666666.667,2.7318709585,0.00432224256586276,0.0163988596666667,0.000144078545827846
661000000000,2.73007172683333,0.00432983021978655,0.0158696748333333,0.000145047913695325
661333333333.333,2.73024688283333,0.00431264984118957,0.015339498,0.000125856605029692
661666666666.667,2.73058324733333,0.00428698491089376,0.0150799381666667,0.000104929703412174
662000000000,2.73116909266667,0.0042805826901685,0.0151718596666667,9.38114647826517e-05
662333333333.333,2.7305912795,0.00425576734952213,0.015384523,8.15467078280909e-05
662666666666.667,2.73018492716667,0.0043061064812147,0.0152086583333333,7.23516377552481e-05
663000000000,2.7303883835,0.00415176077233314,0.015234505,6.78659668081138e-05
663333333333.333,2.730380384,0.00418152844485685,0.015434697,6.72271104451174e-05
663666666666.667,2.7296468245,0.00422752531682679,0.0155949013333333,7.02695837718331e-05
664000000000,2.72859041633333,0.00427224769557385,0.0154441073333333,7.3472214856139e-05
664333333333.333,2.728301782,0.00427226813393448,0.0150251638333333,8.15938040010802e-05
664666666666.667,2.72881444733333,0.0042431749513651,0.014986868,9.58666101038313e-05
665000000000,2.72869217633333,0.00423442059249157,0.0151766155,9.41668641779048e-05
665333333333.333,2.7282720095,0.0042676268077375,0.015371135,8.67122651416738e-05
665666666666.667,2.727435181,0.00428719486833113,0.0154192331666667,9.25335192941816e-05
666000000000,2.7270298855,0.00432553806941081,0.0153530496666667,0.000104843572952597
666333333333.333,2.72683533433333,0.00431457531312103,0.0153505165,9.63702553960508e-05
666666666666.667,2.72670295266667,0.00433924179322664,0.0153663845,9.12334930532641e-05
667000000000,2.72601715716667,0.0043706429040222,0.0152997721666667,0.000105203862680829
667333333333.333,2.72576612683333,0.00439277841976309,0.015117353,0.000130382086889266
667666666666.667,2.72587177183333,0.00439016892735618,0.0151775273333333,0.000138422241559175
668000000000,2.72547442766667,0.00444082867144364,0.0152789641666667,0.000142666356520964
668333333333.333,2.72523458866667,0.00446901257188874,0.0153017693333333,0.000154600308197192
668666666666.667,2.72510174733333,0.0045597986155711,0.0154573598333333,0.000160899615942881
669000000000,2.724940088,0.00460579760228281,0.0155837316666667,0.000152985868978368
669333333333.333,2.724688198,0.00465361910687423,0.0157457705,0.000154444323424009
669666666666.667,2.72394424083333,0.00470087917994766,0.0157323626666667,0.000162071464175118
670000000000,2.72347899683333,0.00476900182578351,0.0154982313333333,0.00017176729121188
670333333333.333,2.723884938,0.00480844572246672,0.0153751565,0.000187024925673291
670666666666.667,2.72415733583333,0.00481860246853475,0.0154194256666667,0.000196238159706685
671000000000,2.723964196,0.00486729827974983,0.015742335,0.000195698455685271
671333333333.333,2.723197972,0.00501183186211882,0.0159043896666667,0.000198476331935741
671666666666.667,2.72266641716667,0.00505341423302449,0.015811515,0.000201006886260148
672000000000,2.72308215816667,0.00516922964174411,0.0157644665,0.000196537412077955
672333333333.333,2.723515056,0.00524816443310117,0.0159443918333333,0.000182787376862207
672666666666.667,2.7234040575,0.00531517895330878,0.0162462118333333,0.000173945733525622
673000000000,2.72275218966667,0.00534130166314558,0.0163113735,0.000168479606981676
673333333333.333,2.72218389333333,0.00531679208408914,0.0161379125,0.000175931362785321
673666666666.667,2.72258761433333,0.00533430041545741,0.0160220075,0.000190731171269669
674000000000,2.72306481016667,0.0053506029960162,0.0161517906666667,0.000183109326813974
674333333333.333,2.723019982,0.00543185034388715,0.0164207393333333,0.000176433704158437
674666666666.667,2.722667385,0.0055305589053236,0.0165999485,0.000176839538716601
675000000000,2.72238697533333,0.00563422125291983,0.0165841353333333,0.000172540347265985
675333333333.333,2.72224363666667,0.0055540157428098,0.0164798343333333,0.000154124884548429
675666666666.667,2.72320313733333,0.00567141802516587,0.016543314,0.00013497352220343
676000000000,2.7231952115,0.00568202621673114,0.0167459323333333,0.000121150876519598
676333333333.333,2.72300652,0.00571034053117467,0.016862761,0.00011637437837428
676666666666.667,2.7228037575,0.00570637262555892,0.0168812753333333,0.000118711050864975
677000000000,2.72298360533333,0.00569394758587855,0.0168396901666667,0.00012716853584345
677333333333.333,2.7232350845,0.00568571354412833,0.0169473691666667,0.000132367260059907
677666666666.667,2.72347313466667,0.00571885156181579,0.017067741,0.00013294175444156
678000000000,2.72345363616667,0.00577247451929806,0.0171422975,0.000128798286854679
678333333333.333,2.72376094216667,0.00580719853112414,0.017021526,0.000126490664174081
678666666666.667,2.72447512816667,0.00579201287067417,0.017020291,0.000133250041529449
679000000000,2.72482075433333,0.0058727698093109,0.0171591848333333,0.000135562913842122
679333333333.333,2.72474001266667,0.00583506822288482,0.017217321,0.00013619727024871
679666666666.667,2.72457266016667,0.00588796162533821,0.0172240583333333,0.00014693075154598
680000000000,2.724921704,0.00589705903412107,0.0171240993333333,0.000159282831216258
680333333333.333,2.7257366945,0.00585547685282037,0.0172314701666667,0.000171031135574101
680666666666.667,2.72609224483333,0.00585270694948029,0.0174646443333333,0.000177762201700661
681000000000,2.72600303933333,0.00578573317146092,0.0176334245,0.000182968154209141
681333333333.333,2.72556509516667,0.00572345373872041,0.0174981923333333,0.000191764523904362
681666666666.667,2.7259239,0.00565130338015761,0.0170304413333333,0.000205061433557523
682000000000,2.7272289665,0.00560150081354171,0.0169742096666667,0.000219863409142737
682333333333.333,2.7279563625,0.0055841735952081,0.0170497816666667,0.00024486395389903
682666666666.667,2.728372809,0.00560599360021245,0.0172822833333333,0.000262192977100201
683000000000,2.7279820085,0.00561294101173798,0.017355309,0.000261601441120649
683333333333.333,2.72830875333333,0.00558592999732111,0.0172238663333333,0.000272291224041956
683666666666.667,2.72898918233333,0.00559563311962463,0.0172409551666667,0.000282920812605518
684000000000,2.72932910866667,0.00552174471780836,0.0173612108333333,0.000272760252265184
684333333333.333,2.72880132416667,0.00538677778388297,0.0174480373333333,0.000260431896613811
684666666666.667,2.72814570433333,0.00528407028186898,0.017099675,0.000263343118922823
685000000000,2.72896249283333,0.00514878926505153,0.0165586713333333,0.000279756279450287
685333333333.333,2.73036196883333,0.0050810059253051,0.0165218733333333,0.000295127333190721
685666666666.667,2.731039897,0.00502037698960625,0.0167459075,0.000294820360277067
686000000000,2.731011898,0.00496695638349861,0.0170850533333333,0.000295689865574501
686333333333.333,2.730124984,0.00490475375291005,0.0170062693333333,0.00029180175451883
686666666666.667,2.73072742116667,0.00481026488850939,0.0166859988333333,0.000296433185927228
687000000000,2.73142535733333,0.00471471420086468,0.0167834088333333,0.000272228960203294
687333333333.333,2.73089609166667,0.00461770656979212,0.0169262568333333,0.000259496480307088
687666666666.667,2.72988756683333,0.00449436031401478,0.0167337991666667,0.000246220365705533
688000000000,2.72949404066667,0.00435665519470512,0.0162128106666667,0.00023468880106274
688333333333.333,2.73078017616667,0.00432395188776361,0.0158313961666667,0.000231679252620874
688666666666.667,2.73172444316667,0.00430175837886884,0.0160932213333333,0.000236715766358447
689000000000,2.73160849433333,0.00428959740832985,0.0164355886666667,0.000247400516051738
689333333333.333,2.7308224205,0.00429947393685109,0.0165435688333333,0.00023860901292987
689666666666.667,2.73057263366667,0.00429285757617419,0.0163317936666667,0.000216275304893246
690000000000,2.73118070316667,0.00419901448995083,0.0161803605,0.000196803000615082
690333333333.333,2.73062571883333,0.00409378887500434,0.0164300068333333,0.000180603355979247
690666666666.667,2.7293845375,0.00405196716694996,0.0162925928333333,0.000169041436860217
691000000000,2.72853257883333,0.00400883057412175,0.015774943,0.000134923050964614
691333333333.333,2.72940060533333,0.00390025955315746,0.0152900166666667,0.000110619207707643
691666666666.667,2.73083520666667,0.00387261824635008,0.015507126,0.000122306753035146
692000000000,2.73041443383333,0.00383978460846519,0.0161905876666667,0.000152732520058653
692333333333.333,2.72868908716667,0.00394873086318676,0.0163915296666667,0.000161732579830616
692666666666.667,2.72751960233333,0.00400212183108001,0.0159124391666667,0.000135791863466729
693000000000,2.728244265,0.00394027314589187,0.0153016121666667,0.000106392935544456
693333333333.333,2.72969360433333,0.00383599715655596,0.015480149,9.32568490096038e-05
693666666666.667,2.72893150583333,0.0038032301476574,0.0160012635,8.8138688757549e-05
694000000000,2.72724153616667,0.00384303819920413,0.0160245121666667,7.18430352683307e-05
694333333333.333,2.72601657716667,0.003883818040357,0.0155700188333333,6.35404421181238e-05
694666666666.667,2.726568007,0.00384690851950371,0.0149857511666667,8.46523939068866e-05
695000000000,2.72833307516667,0.00378969191740411,0.0151543275,0.000107024416488482
695333333333.333,2.72836083283333,0.00381159918474836,0.0158501193333333,0.000101061003289433
695666666666.667,2.726844594,0.00391804616397528,0.016213534,9.08809928686953e-05
696000000000,2.72533403316667,0.00397866310319969,0.0158882065,8.45387203280245e-05
696333333333.333,2.72526104166667,0.00396002803739816,0.0152346691666667,9.37639943910596e-05
696666666666.667,2.72658888666667,0.00388288905178476,0.0151745451666667,9.93116448447342e-05
697000000000,2.72659226633333,0.00387830878950826,0.0155495925,8.73302855846697e-05
697333333333.333,2.72572068366667,0.00395847170381033,0.015898907,8.85415295643791e-05
697666666666.667,2.72426310633333,0.00404032313676509,0.0158755581666667,0.000106647068470571
698000000000,2.72370517733333,0.00408136200004759,0.015418664,0.00013149946049319
698333333333.333,2.72484062983333,0.00405956624136471,0.0153125821666667,0.000136896870254095
698666666666.667,2.72551691416667,0.00416596041120075,0.0156800458333333,0.000116285819695123
699000000000,2.72502072666667,0.00426040182669541,0.0160575363333333,9.6951864233065e-05
699333333333.333,2.723854331,0.00431643041430346,0.0161199201666667,0.00010345524768791
699666666666.667,2.72307291333333,0.00435121512829787,0.0157477193333333,0.000127407828994401
700000000000,2.72357459933333,0.0043189612482475,0.0154940745,0.000156390329273583
700333333333.333,2.7240795605,0.00431315691890583,0.0156131793333333,0.000167346908324793
700666666666.667,2.72404515316667,0.0043671221471804,0.0160532498333333,0.000159843989966988
701000000000,2.72304652916667,0.00447876968042719,0.0163927675,0.000147699104408591
701333333333.333,2.7220292855,0.00457295316222476,0.0162281228333333,0.000154074277196963
701666666666.667,2.72253609916667,0.00463333575120986,0.0160099073333333,0.000154191424557485
702000000000,2.72286737183333,0.00470655058170584,0.0161414466666667,0.00013755977051837
702333333333.333,2.72282231216667,0.00475903166708445,0.0163438925,0.000131951748272996
702666666666.667,2.72230886733333,0.00481955763215565,0.016480033,0.000131314837015472
703000000000,2.72140801233333,0.00478618142094119,0.0163862435,0.000146552687067484
703333333333.333,2.72174451083333,0.00486477788912059,0.016252311,0.000168528043517986
703666666666.667,2.722125186,0.00494598367988345,0.0163977631666667,0.000174815360752329
704000000000,2.72232152383333,0.00501075296679801,0.016682527,0.000169863951544757
704333333333.333,2.721843688,0.0050972032200542,0.0169233801666667,0.00016564329797902
704666666666.667,2.7214344685,0.00520443853794555,0.0168787738333333,0.000168524224835976
705000000000,2.7218436395,0.00526543203488634,0.0168077076666667,0.000162887850727629
705333333333.333,2.72194268583333,0.00531665485061985,0.0169152448333333,0.000161678437965509
705666666666.667,2.72195297616667,0.00537132295498075,0.0169880458333333,0.000154950656622573
706000000000,2.721915159,0.00542120545011413,0.017109978,0.000146230789463779
706333333333.333,2.72168342533333,0.00543911311347531,0.0170593105,0.000131333362656637
706666666666.667,2.7224889505,0.00557758950144031,0.0171060121666667,0.000139685810210511
707000000000,2.72281091766667,0.00563424461310443,0.0172779061666667,0.000153385006906695
707333333333.333,2.72305340116667,0.0056456233046318,0.0173730188333333,0.000164920006579453
707666666666.667,2.72315923766667,0.00574906889150212,0.0174996643333333,0.000180912386017836
708000000000,2.72333633016667,0.00581174459421017,0.0174381558333333,0.0001993462207662
708333333333.333,2.724042238,0.00584920825392105,0.0175838885,0.000201292522083409
708666666666.667,2.7234764345,0.00581581882677214,0.0177452176666667,0.000194400712369751
709000000000,2.72345882666667,0.00577900642508382,0.0176367691666667,0.000179990939966896
709333333333.333,2.723494433,0.00581613217799795,0.0177301616666667,0.000160520160423128
709666666666.667,2.72385350483333,0.00586974980426388,0.0174980235,0.000169018878752346
710000000000,2.725476548,0.0059803462731834,0.0177415225,0.000190294312887958
710333333333.333,2.725296703,0.00589083444824637,0.0180125371666667,0.000218803658033787
710666666666.667,2.72535480916667,0.00591049446992885,0.0179145758333333,0.000261166304053503
711000000000,2.72568776716667,0.00587022300075633,0.0177742935,0.000305629428487998
711333333333.333,2.726381037,0.00582258777696438,0.0175647198333333,0.000316176951151988
711666666666.667,2.72732269033333,0.00570538071824642,0.0178767396666667,0.0003079196131627
712000000000,2.72644647483333,0.00563762273790328,0.0180979923333333,0.000299601403124663
712333333333.333,2.72602875116667,0.00556091949641792,0.0179471863333333,0.000300420193360344
712666666666.667,2.72605733383333,0.00555922343166795,0.0176690833333333,0.000307382114836675
713000000000,2.72765254433333,0.00558025194881771,0.0172156278333333,0.000345779025252497
713333333333.333,2.729535329,0.00565889076489674,0.0176909193333333,0.000352429572236876
713666666666.667,2.72891795,0.00557906362914478,0.0180429176666667,0.000359077062957057
714000000000,2.7280746055,0.00545054165504337,0.0178836358333333,0.000375961226589879
714333333333.333,2.72782262516667,0.00540860549581641,0.0174884718333333,0.000389448509142565
714666666666.667,2.72884122383333,0.00528766778239505,0.0170611311666667,0.000385534864086462
715000000000,2.73032898666667,0.00516443456147593,0.017411034,0.00038001899065073
715333333333.333,2.73002694466667,0.00507755483092101,0.017869804,0.000372247939495707
715666666666.667,2.72849624533333,0.00495446836349656,0.017932306,0.000383705974264149
716000000000,2.727222323,0.00494229404418256,0.0173342206666667,0.000392149648735106
716333333333.333,2.72973618416667,0.00494259374576859,0.0162780651666667,0.000405679536044113
716666666666.667,2.7327050005,0.00488632733535437,0.0168826631666667,0.000396697038068305
717000000000,2.7318823675,0.00479065142105463,0.0176255773333333,0.000378644529852296
717333333333.333,2.72993380383333,0.00478407625784724,0.0176951485,0.000373193194841358
717666666666.667,2.728485076,0.00470838725821002,0.0170803273333333,0.00035736898787705
718000000000,2.72978855966667,0.00454244062719967,0.0160725405,0.000347814368260284
718333333333.333,2.73245296,0.00443676629016181,0.0164752308333333,0.000347912767065779
718666666666.667,2.73177510533333,0.00433264022011906,0.0173940736666667,0.000348490408023904
719000000000,2.72938586066667,0.00432226205309411,0.0175165091666667,0.000349043279422146
719333333333.333,2.7278971955,0.00432179539094582,0.016638292,0.000322241367693225
719666666666.667,2.73019003283333,0.00425754851379121,0.0154834635,0.0002902209748359
720000000000,2.7332007785,0.00410376361343748,0.016148975,0.00028186829555734
720333333333.333,2.73142456933333,0.00408980458376761,0.0170822018333333,0.000280924073415161
720666666666.667,2.72917390483333,0.00411131531604873,0.0167670718333333,0.000258460808808157
721000000000,2.72858839583333,0.00409239235867814,0.0160137798333333,0.000222787030509782
721333333333.333,2.73043105583333,0.00395613884025614,0.015399574,0.000207866195618239
721666666666.667,2.73202926583333,0.00387144307404649,0.0161443675,0.000202593474532376
722000000000,2.73030704683333,0.00389162401955278,0.0169725183333333,0.00020765288157275
722333333333.333,2.7277673345,0.00394095585447628,0.016647098,0.000192704586868087
722666666666.667,2.72730197166667,0.00385760591456577,0.015758445,0.000144283890554698
723000000000,2.72936121183333,0.00378895485527049,0.0154061351666667,0.000105655241557467
723333333333.333,2.7298866085,0.00375753324049386,0.0159759533333333,0.00012154249426874
723666666666.667,2.72847195266667,0.00384629747992659,0.0162634185,0.000130542127739286
724000000000,2.72698138133333,0.00386251266001817,0.0157762163333333,9.1878856518062e-05
724333333333.333,2.7278328565,0.00382233763903042,0.0154242755,5.27912534450546e-05
724666666666.667,2.72915645633333,0.0037641999424964,0.0157271893333333,4.96748372223475e-05
725000000000,2.72834289533333,0.00381047597596418,0.0163090946666667,6.70511664974346e-05
725333333333.333,2.726841173,0.00385238348137186,0.0163944103333333,6.72681322014125e-05
725666666666.667,2.72584813516667,0.00389906122282647,0.0160301143333333,8.27010494242169e-05
726000000000,2.72597931983333,0.00388095635328194,0.0157532876666667,0.000111767270026009
726333333333.333,2.72626749283333,0.00382778927226738,0.0156963628333333,0.00012165822591739
726666666666.667,2.725503424,0.00386144457280778,0.0156761591666667,0.000115695531333611
727000000000,2.72542193866667,0.00393071961112933,0.0154886105,0.000119140774736025
727333333333.333,2.72627018866667,0.003962826289613,0.015490367,0.000129221621251244
727666666666.667,2.726507385,0.00395837911346623,0.0160238033333333,0.000117475548648502
728000000000,2.7256982905,0.00403528044509916,0.0164556293333333,0.0001165166037982
728333333333.333,2.72414973583333,0.00409196417522615,0.0164388986666667,0.000133628373558412
728666666666.667,2.72389528833333,0.00407707057366692,0.0161273158333333,0.000170005046920869
729000000000,2.72392605516667,0.00407007933318137,0.0161189241666667,0.000203817151766398
729333333333.333,2.7231243705,0.00408150293202503,0.0161531866666667,0.00024726204017897
729666666666.667,2.72283347633333,0.00403528292093045,0.0159532916666667,0.000256246872456752
730000000000,2.72281567816667,0.0040425775679391,0.0157014931666667,0.000238381968406519
730333333333.333,2.724067688,0.00407153696588403,0.0157106381666667,0.000238581905204411
730666666666.667,2.724836411,0.00420454539396581,0.0164264268333333,0.000218211214342817
731000000000,2.723524182,0.00433335136955274,0.0170310983333333,0.000194143053892398
731333333333.333,2.7219443475,0.00449571879569624,0.0170702361666667,0.000204972542242532
731666666666.667,2.72086734,0.00451262020076364,0.0165988431666667,0.000244832192729156
732000000000,2.72171082583333,0.00451323242539209,0.0163184871666667,0.000264227400359172
732333333333.333,2.72185413733333,0.00461737920684081,0.0167902768333333,0.000297495938280452
732666666666.667,2.7206418455,0.00468385235638942,0.0169269696666667,0.00033061749033145
733000000000,2.71983431183333,0.00455540913506083,0.0166764931666667,0.000328552277128263
733333333333.333,2.72033109333333,0.00461946014763317,0.0163320348333333,0.000301053937766253
733666666666.667,2.72235406266667,0.00476067481235081,0.0164496775,0.000267513226590948
734000000000,2.7231142305,0.00488679591538901,0.0172762745,0.000241263304863172
734333333333.333,2.72184760216667,0.0049948678373783,0.0177778901666667,0.000235304659163746
734666666666.667,2.72022342316667,0.0050633965934255,0.0177226673333333,0.000244987375248331
735000000000,2.71946458983333,0.00513731909920196,0.0171980298333333,0.000257342272985545
735333333333.333,2.7204629365,0.00522254682759031,0.0170714446666667,0.000274611859235297
735666666666.667,2.7207863125,0.00540296056047679,0.0175710358333333,0.000303857043024786
736000000000,2.71997118833333,0.00540083736419857,0.0177755471666667,0.000327243931928106
736333333333.333,2.71951051216667,0.00542522036816814,0.0176197876666667,0.000288813637929145
736666666666.667,2.71999878016667,0.00546129225312165,0.0172926995,0.000224871497319469
737000000000,2.72184667766667,0.00571361174811695,0.0173865233333333,0.000209564563444936
737333333333.333,2.72276415366667,0.00576052256235516,0.0179589015,0.000220518430820419
737666666666.667,2.72199388666667,0.00581409011771264,0.0183904878333333,0.000228701501113933
738000000000,2.720962216,0.00581436252518241,0.0184297761666667,0.000223919876540174
738333333333.333,2.720693456,0.00590050776940851,0.0181269,0.000222173849946388
738666666666.667,2.72165771083333,0.00586881929155933,0.0180603938333333,0.00021157951405693
739000000000,2.72232777783333,0.00594118568199197,0.0183986305,0.00021188235344903
739333333333.333,2.72202445566667,0.00597028927506978,0.018640349,0.000200751634931325
739666666666.667,2.72183659033333,0.00597307191764614,0.0185146155,0.000168112251619863
740000000000,2.72260586966667,0.00602170303486281,0.0182155241666667,0.000157845561015085
740333333333.333,2.72383700566667,0.00610421516615015,0.0182753838333333,0.000168601323843458
740666666666.667,2.72427263483333,0.0061091978177083,0.0186284193333333,0.000180716939949377
741000000000,2.72378392183333,0.0060325621418074,0.0188487211666667,0.000174400098188523
741333333333.333,2.72324015666667,0.00594291396984859,0.0188474491666667,0.000164153471571474
741666666666.667,2.72340570566667,0.00600148209200874,0.0186777613333333,0.000157016903322752
742000000000,2.7244129605,0.00602068885194736,0.018597107,0.000151402478520003
742333333333.333,2.725521685,0.00608426766023032,0.0186990285,0.000166959867437358
742666666666.667,2.72622393783333,0.00616097040995158,0.0188283166666667,0.000189449957892491
743000000000,2.7263706115,0.00610864840551621,0.0188224071666667,0.000217357754652018
743333333333.333,2.726735149,0.00597923505780454,0.0186154656666667,0.00024149394185086
743666666666.667,2.72719732833333,0.0059273086843549,0.018594982,0.000235623955496889
744000000000,2.72703652716667,0.00581260455606048,0.0187326835,0.000205260978196783
744333333333.333,2.72684739316667,0.00569502844931145,0.0186278958333333,0.00021437223611505
744666666666.667,2.72707264266667,0.00572714730629135,0.0185781848333333,0.00024529382266043
745000000000,2.72749406933333,0.00584590085934852,0.0184959228333333,0.000254284901992562
745333333333.333,2.72842383766667,0.00583262884211914,0.0183231783333333,0.00027406408963282
745666666666.667,2.72959596533333,0.00579070038375099,0.0183115253333333,0.000306027636995529
746000000000,2.73018019983333,0.00571765073876716,0.018448165,0.000313868346602839
746333333333.333,2.730082773,0.00548393411623131,0.0185140136666667,0.000294685643372504
746666666666.667,2.72944876516667,0.00532493909614696,0.0184791388333333,0.000268756625053536
747000000000,2.72915661883333,0.00520009241940485,0.0182537058333333,0.000246175743597469
747333333333.333,2.72934655266667,0.00508772901570615,0.018129397,0.000234541160745827
747666666666.667,2.72979126566667,0.00502642649370869,0.0179522313333333,0.000243284623553292
748000000000,2.73045902833333,0.00503651493625531,0.0179429708333333,0.000278792355890484
748333333333.333,2.7307453915,0.00517956525800509,0.0180613991666667,0.000274692086235055
748666666666.667,2.73102495983333,0.00519489949402574,0.0180083211666667,0.000275368208668624
749000000000,2.731541537,0.00513638395216244,0.0179904516666667,0.000274234738715332
749333333333.333,2.7314058685,0.00508966796974532,0.018004291,0.000243594408547487
749666666666.667,2.73110381083333,0.00492472349239527,0.018040523,0.000215190100189577
750000000000,2.730107656,0.00469533443409142,0.017998847,0.000188058152124284
