Frequency_Hz,EpsilonReal_mean,EpsilonReal_std,TanDelta_mean,TanDelta_std
500000000000,2.72894053238717,0.00715033186910201,0.0136180130016806,0.000132289614644595
500333333333.333,2.72974494759157,0.00716157332461076,0.0136717867321069,0.000190582433588426
500666666666.667,2.72879490651141,0.00675688489472147,0.013696600301526,0.000238168239464997
501000000000,2.72785629309792,0.00656908557501809,0.0137618574083129,0.000164738135517486
501333333333.333,2.72896344656003,0.00658940083662598,0.0137753353240244,0.000134445330959791
501666666666.667,2.72832674505749,0.00641384742561427,0.0142354228506788,0.000101158155951644
502000000000,2.72723159688861,0.00643680940232497,0.014294206792233,0.000103006844631911
502333333333.333,2.72739062606009,0.00649691436138099,0.0136940729067658,0.000123069859384923
502666666666.667,2.72789745605619,0.00626188566671608,0.0129330504499297,0.000112514906322961
503000000000,2.73062476263905,0.00629802479829822,0.0127714164394177,0.000111364787129041
503333333333.333,2.73157667330254,0.00610366767654442,0.0135494774003458,0.000111699005207146
503666666666.667,2.730893565746,0.00609289733554223,0.014123643626778,0.000145274955711259
504000000000,2.7284341528354,0.00587654179614915,0.0141710575716203,0.000156318428006697
504333333333.333,2.72776252252222,0.00593912571535938,0.0135558535077264,0.000126524259680579
504666666666.667,2.72928716960939,0.00574996845670324,0.0133370699917829,0.000101701224150429
505000000000,2.72913478578565,0.00564017729168706,0.0139277277998497,8.33064915470911e-05
505333333333.333,2.72755948226943,0.00563728367359951,0.0137557059164844,8.43658715408602e-05
505666666666.667,2.72709759001012,0.00568643043066852,0.0131392091753746,7.34117977561936e-05
506000000000,2.72762087862678,0.00563813545810403,0.0125525150622151,7.14775208560609e-05
506333333333.333,2.73078737650782,0.00558226313830457,0.0123672384457527,8.62041551676678e-05
506666666666.667,2.73156547584643,0.00546173190334818,0.013461150732672,8.74503620051263e-05
507000000000,2.72970950192668,0.00544554442478761,0.0142879245577214,0.000113653226702109
507333333333.333,2.72653647657033,0.00546543206899522,0.0141631201890423,0.000111871507504656
507666666666.667,2.72587359745241,0.00550565089698538,0.0131610510074642,0.000105875479143697
508000000000,2.7275920668754,0.00548307556207657,0.012909906581412,0.000109646981524104
508333333333.333,2.7268265946944,0.00545522389030952,0.0134033841140199,0.000106585121426772
508666666666.667,2.72532971607371,0.00539305665458312,0.0130314974916706,0.000101615565705054
509000000000,2.72556185994248,0.00552527384583903,0.0125859911615452,8.77044723519492e-05
509333333333.333,2.72617914646113,0.0053974046262622,0.0123165164892536,9.47656035640422e-05
509666666666.667,2.72848021248347,0.00520504883119343,0.0121723998023896,7.51418188009632e-05
510000000000,2.72914522925586,0.00517841238691263,0.0134522158144623,0.000128849162615135
510333333333.333,2.72652522421976,0.00521943229992593,0.0141831121473173,0.000117907211449308
510666666666.667,2.72375149039306,0.00530359017930811,0.0138942213588462,0.000106279422279092
511000000000,2.72256661722779,0.00529271288900098,0.0130052194925073,0.000154059584112102
511333333333.333,2.72406401597322,0.00527908178743293,0.0125475964753397,0.000177263372403117
511666666666.667,2.72387891755679,0.00521255303909454,0.012981962996182,0.000110554387535618
512000000000,2.72314562951474,0.00520660544746571,0.012953535370169,8.32927158656897e-05
512333333333.333,2.72293442408097,0.00522446472259906,0.0126356246610583,0.000106833646923912
512666666666.667,2.72351443001305,0.00519783081688734,0.0123612588514114,0.000100820807150116
513000000000,2.72599394564603,0.00515983277214172,0.0125882555846844,0.000139551258850994
513333333333.333,2.72554905630071,0.00509117514979362,0.0137116495284167,0.000181261202179776
513666666666.667,2.72193892222599,0.00529297296246926,0.0140364594191644,0.000178673572418178
514000000000,2.72010006346978,0.00551615252272824,0.0134834840966427,0.000148087627803268
514333333333.333,2.72000492545617,0.00554133853548501,0.0128027184882507,0.000196593410177282
514666666666.667,2.72177796840142,0.00547071406617546,0.0124885266951432,0.000215121562011093
515000000000,2.72198084855288,0.00548408637705887,0.0130188457836298,0.000123440533566304
515333333333.333,2.72159921550816,0.00537779043863113,0.0131673784190441,7.95957521793323e-05
515666666666.667,2.72109403551654,0.00544945372526651,0.0130940817149933,0.000108905702518366
516000000000,2.72070509315474,0.00545544986256864,0.0127967595029399,0.000131252997958018
516333333333.333,2.7227912546542,0.00539805326858176,0.013128576540043,0.000162428932309756
516666666666.667,2.72163115542232,0.00542984740853198,0.0140124137101989,0.000188455807371999
517000000000,2.71908160777128,0.00573109222296426,0.0139297945064766,0.000196778108346992
517333333333.333,2.7180720967485,0.00590342299720556,0.0135857620590123,0.000177167422711469
517666666666.667,2.7181057025064,0.00581784358272379,0.0130866971213534,0.00019632656818163
518000000000,2.71942153671383,0.00570243626856127,0.0129314853737578,0.000207845027902674
518333333333.333,2.71997410958937,0.00572393158750468,0.0133064832229876,0.000146506529679987
518666666666.667,2.71964635158925,0.00573970385897169,0.0136411198971486,0.000103430582945336
519000000000,2.71922249114533,0.00586689262078882,0.0135832250561465,0.00015109402844249
519333333333.333,2.71871092101495,0.00585453529761016,0.0133082531188934,0.000192560367328952
519666666666.667,2.71995703805193,0.00581726354710508,0.0136010756066295,0.000184027202690581
520000000000,2.71962474599085,0.00597743566157974,0.0139086931352979,0.00018481729350637
520333333333.333,2.71883274703635,0.00620377885672223,0.0141152517122541,0.000175459673948909
520666666666.667,2.71816598798489,0.00624669083334765,0.0140694499853444,0.000155425635291554
521000000000,2.71787730307858,0.00613681094138663,0.0137442345983674,0.000155431092595384
521333333333.333,2.71876471180331,0.00609206882853548,0.0135730528619812,0.000152080524677638
521666666666.667,2.71917599792671,0.00616291948115087,0.0137155051323758,0.000131740944427993
522000000000,2.71965495760707,0.00627054764373393,0.0140207801660234,0.000131432683022552
522333333333.333,2.71919068832229,0.00634379894153965,0.0141768105604151,0.000165447648477904
522666666666.667,2.71878109871709,0.00632759727892424,0.0139910616020907,0.00017298991944355
523000000000,2.71951103848484,0.00635015835724189,0.0141001528178147,0.000158752008763882
523333333333.333,2.71970652915522,0.00647903663480839,0.0141053531573491,0.000138166032685171
523666666666.667,2.72019795797085,0.00649118285763774,0.0142666060686519,0.000116765909596676
524000000000,2.71987468739518,0.00646642044700518,0.0145043664099657,0.000123584865296593
524333333333.333,2.7196353273806,0.00640102142626928,0.0142542544937891,0.000119597990652902
524666666666.667,2.72041467955539,0.00640394812002404,0.0142638322744824,0.000118966336666839
525000000000,2.72055621384349,0.00643862040808609,0.0142436197571276,0.000112185930130166
525333333333.333,2.72123462238799,0.00650659171259109,0.0143330191809775,0.000127682164503996
525666666666.667,2.72116027234948,0.00650500041723063,0.0144614403232184,0.000141545288127046
526000000000,2.72161720359285,0.00658449300428594,0.0143066073062248,0.000128077773438083
526333333333.333,2.72252068314571,0.00653611096892145,0.0145951388875457,0.000114950544405148
526666666666.667,2.72223671368697,0.00646894344746947,0.0145882430028062,0.0001143727808993
527000000000,2.72260812167526,0.00650342895527061,0.0146512362883375,0.000120550263787338
527333333333.333,2.72236672074775,0.00643001741151714,0.0148263697440071,0.00014729431163911
527666666666.667,2.72232807567591,0.00642456570017893,0.0145045999244985,0.000182486746523342
528000000000,2.72404198896905,0.00650182824067441,0.0146531421943668,0.000209310881530551
528333333333.333,2.72388776375698,0.00640593329198866,0.0147963270719429,0.000180201301330089
528666666666.667,2.72432453496531,0.00647148182583264,0.0147948340226641,0.000140809927686952
529000000000,2.72465937143785,0.00650937691898802,0.0146085049691147,0.000113033859245812
529333333333.333,2.72532242511775,0.00657795277959108,0.0142720860252518,0.000150627811840252
529666666666.667,2.72631763780211,0.00639377293958208,0.014457329464921,0.000162141233941152
530000000000,2.72611086400273,0.00631489852898052,0.0146882747900461,0.000174834572112121
530333333333.333,2.72572262199907,0.00613276174744266,0.0147786846319456,0.000174319178507249
530666666666.667,2.7247268596296,0.00594646496918838,0.0148167673889281,0.000138685020934378
531000000000,2.72434352398875,0.0059580170868366,0.0143533750685472,0.000123251305293674
531333333333.333,2.72646878095276,0.00596591895427584,0.0140465361767599,0.00013055972145398
531666666666.667,2.72774146142115,0.0059663897471931,0.0144881551339655,0.000110471892228847
532000000000,2.72763471698329,0.00606060654228941,0.0148964605892237,9.78473127502585e-05
532333333333.333,2.72668726141464,0.00593576607637596,0.0146456166871747,0.000118756612765595
532666666666.667,2.72685073042409,0.00584815303428161,0.0143851250537551,0.000132975826722711
533000000000,2.72753407672554,0.00584183641403042,0.0142741064584934,0.000136066169086271
533333333333.333,2.72768148392567,0.00571663497600884,0.0143309233785832,0.000141780468649998
533666666666.667,2.72749010966409,0.00552166515958989,0.014525984115414,0.000157118417022024
534000000000,2.72696494274525,0.00545110829256824,0.0143738084926703,0.000163167435321898
534333333333.333,2.72747020797146,0.00555194805155917,0.0141611819035334,0.000144382927494269
534666666666.667,2.72830804169605,0.00552991522730066,0.0140503667872803,0.000146085369903453
535000000000,2.72903831997947,0.00549442783346999,0.0142702546033668,0.000137525549527753
535333333333.333,2.72830564660297,0.00542729655404181,0.0145440901055358,0.000119253492085904
535666666666.667,2.72696245782027,0.00536690403865077,0.0144144200492854,0.000118118231039354
536000000000,2.72702750128513,0.00541244362288382,0.0139457868366355,0.000117064405007362
536333333333.333,2.7276264570112,0.00534750933366291,0.0137758551335743,0.000110594274798774
536666666666.667,2.72825408033492,0.00531921786409889,0.0138458144926058,0.000108553968136152
537000000000,2.72790785168674,0.00511107605831499,0.0141328415121942,0.000115968249941902
537333333333.333,2.72713893629333,0.00509310286917022,0.0141828861852065,0.000110539315335008
537666666666.667,2.72670134800204,0.00504583727229044,0.0138541174040337,0.000113372802626893
538000000000,2.72720237522454,0.00504142946676955,0.0138187845927049,0.000117975966146638
538333333333.333,2.7270582232988,0.00494930377497692,0.0139822314933535,0.000130691221549135
538666666666.667,2.72634299070086,0.00497111006974718,0.0141205192713495,0.000133687031491992
539000000000,2.72548818362283,0.00504118744898491,0.0140723106083769,0.000112574382532533
539333333333.333,2.72497486397734,0.00506563886084637,0.0136033519012621,0.000100761627845024
539666666666.667,2.726567597616,0.00511811520472649,0.0133480986078023,9.87876375337804e-05
540000000000,2.72730548490217,0.00506088916882502,0.013625189601854,9.75523451747853e-05
540333333333.333,2.72664674666265,0.00498132101700858,0.0140298546461675,8.93934689743095e-05
540666666666.667,2.7253186171158,0.00497290593728839,0.0141140034200514,8.26184334398367e-05
541000000000,2.72416170495033,0.00493303273490316,0.0137480124700244,7.753921966817e-05
541333333333.333,2.72443864054592,0.0049755249841474,0.013695727803221,7.98417129270233e-05
541666666666.667,2.7237710134235,0.00500806589742607,0.0137779780609385,9.92580263487877e-05
542000000000,2.72335830493574,0.00505137039049532,0.0137508296740419,0.000132091007700877
542333333333.333,2.7228948892647,0.0051944955988136,0.0137979368256619,0.000137967597617103
542666666666.667,2.7226629178113,0.00527961126033123,0.0134266491227641,0.000126618254053154
543000000000,2.72420203969951,0.00524957569081328,0.0132118288641072,0.000120642297826156
543333333333.333,2.72492468112466,0.00520756839276638,0.0135882013349569,0.000123822505796815
543666666666.667,2.72367569462178,0.00516153158482582,0.0140171938515553,9.73715573680877e-05
544000000000,2.72233969019147,0.00519321201031091,0.0140427796280736,7.98294011364397e-05
544333333333.333,2.72151569077704,0.00518367270233254,0.0137431423001707,0.000102531165671645
544666666666.667,2.7213215724108,0.0052685499990236,0.0137536547867135,0.000145294833683142
545000000000,2.72110035485287,0.00539158197267027,0.0137162618232041,0.000188806920239668
545333333333.333,2.72146061101299,0.00548342447552779,0.0136383660027993,0.00018779511284834
545666666666.667,2.72141361285905,0.00552855891024436,0.013694920663842,0.000197438073173608
546000000000,2.72161305883542,0.00555918250375547,0.0135323334852812,0.000185966392349487
546333333333.333,2.72209223897928,0.00557723664759726,0.0138039244006408,0.000147270965496718
546666666666.667,2.72149713262869,0.00548553579027015,0.0140536494739327,0.000117853607427184
547000000000,2.72034138288512,0.00548732507717286,0.0140664072803202,0.000112744670897622
547333333333.333,2.71972935357184,0.00551735884900194,0.0139893773600813,0.000127789016009919
547666666666.667,2.71957731438988,0.00549904000642501,0.0139742072326397,0.00015705574162037
548000000000,2.71928569484748,0.00555046166615856,0.0139555669201366,0.000203366345734242
548333333333.333,2.71948109115267,0.00562347111931624,0.0139320558540682,0.00022736068447445
548666666666.667,2.71991035440993,0.00574547967751758,0.0139556952032702,0.000179022782102117
549000000000,2.72007983147339,0.00585133971520908,0.0139581138866854,0.000144760081792608
549333333333.333,2.7203811486834,0.00592093844222875,0.0138827494661089,0.000150529605063387
549666666666.667,2.72057330037302,0.00606586110614598,0.0140882513767428,0.000129464224035659
550000000000,2.72023124226305,0.00601853009421094,0.0142813246195323,9.62434467647325e-05
550333333333.333,2.71994157650901,0.00606520950244989,0.0144044602821667,0.000103316596853711
550666666666.667,2.71954866609439,0.00609682371397686,0.0144682257736373,0.000126539466958198
551000000000,2.71939863346655,0.00619668880591972,0.0144829713132435,0.000149463674825586
551333333333.333,2.71969361087368,0.00630632747960715,0.0145337191820439,0.000161667779501253
551666666666.667,2.72010952560647,0.00639451029233062,0.0145838902667034,0.000164166194431052
552000000000,2.72013485199277,0.00639301931385118,0.0146499627903465,0.000163370445585747
552333333333.333,2.7201447976671,0.00642892560655959,0.0146834193019787,0.000162267009650343
552666666666.667,2.72025224875846,0.00647057069450387,0.0147370754225992,0.00016701119244403
553000000000,2.72024600669309,0.00644870749667726,0.0148578393319332,0.000177399570342207
553333333333.333,2.72016290929799,0.00645984959016002,0.0150151566698081,0.000179739954726463
553666666666.667,2.72017798221712,0.00650250783215172,0.0151545054720027,0.000184910104595138
554000000000,2.72014541812753,0.00654182009642319,0.0151744593204871,0.000203217157439741
554333333333.333,2.72043941346334,0.00662200013701066,0.015145916365652,0.000204272070420517
554666666666.667,2.72086005332274,0.00667875644767443,0.015183777951879,0.000192387166720045
555000000000,2.72108042437014,0.00663765066440821,0.015200625212272,0.000188415073105694
555333333333.333,2.7211297247501,0.00659688624127109,0.0152562943470004,0.000199161344808264
555666666666.667,2.72119324256201,0.00660620206589117,0.015381027739836,0.000212647154663957
556000000000,2.72127000523889,0.00651132698093453,0.01555571184271,0.000220404083850587
556333333333.333,2.72139066223866,0.00638312996796067,0.0157733429670309,0.00023021643709271
556666666666.667,2.72104227620206,0.00627557354738577,0.015888792727313,0.000238680136006607
557000000000,2.72080752950578,0.00626264112084878,0.015819896871966,0.000235629721373359
557333333333.333,2.72109909563731,0.0061982287155198,0.0157441821250093,0.000223410126767324
557666666666.667,2.7214853450185,0.00613518417406114,0.0156685172739196,0.000213038609094489
558000000000,2.72171033182623,0.00610074268760724,0.0156552149051052,0.000204096695238503
558333333333.333,2.72146276546902,0.00601560455407887,0.0156370280976335,0.00019624622425098
558666666666.667,2.72139174697569,0.0059312011158923,0.0154725087187113,0.000183531538694241
559000000000,2.72188739744518,0.00589676765589333,0.0152892099507029,0.000169724240372769
559333333333.333,2.72267603567662,0.00581680074995874,0.0153229478440644,0.000158636513811337
559666666666.667,2.72325383885058,0.00573433188486228,0.0155756578215589,0.000153852847778675
560000000000,2.72323182989788,0.00571873736016526,0.0157665463477124,0.000143420909694603
560333333333.333,2.7225440869424,0.00552294485664113,0.0155855611346636,0.00013570041311293
560666666666.667,2.7228346230936,0.00549697738393139,0.0151379482600239,0.000147541882966508
561000000000,2.72401681739861,0.00543524169778602,0.0149662283283685,0.000169352463677315
561333333333.333,2.72442513673846,0.00536504627835672,0.0152299572242994,0.000187789565308938
561666666666.667,2.72396348527388,0.00528628959047474,0.0154297205118093,0.000190299913499742
562000000000,2.72361416293915,0.00531228081748358,0.0152395235892928,0.000182627771785514
562333333333.333,2.72431598506724,0.00533971981093351,0.0147946645157911,0.000163338822602597
562666666666.667,2.72605326871648,0.00540723398081515,0.014584687393951,0.000151770892455038
563000000000,2.72708786509608,0.00525846909260828,0.0149942375852414,0.000135720251156571
563333333333.333,2.72652830283057,0.00525998789331923,0.0152948868393316,0.000134988387723219
563666666666.667,2.725390065,0.00511596803895354,0.0152010575306472,0.000137542356554037
564000000000,2.72514901808791,0.00498296253731647,0.0147446652815339,0.000148293207175237
564333333333.333,2.72603896090172,0.00494122448597902,0.0144419041131185,0.000169224168656855
564666666666.667,2.72689850015611,0.00489875579055729,0.0148206742596732,0.000180210302913141
565000000000,2.72623599386093,0.00484200034142874,0.0151301592972453,0.000172549915221827
565333333333.333,2.72552473709725,0.00481794096155342,0.0149122670763254,0.000162190720049193
565666666666.667,2.72551930333649,0.00482404746866146,0.0144846408065474,0.000152308624714008
566000000000,2.72670731226844,0.00482183279866793,0.014130040107782,0.00013592449215496
566333333333.333,2.72822794897875,0.00480967224066996,0.0143938600153261,0.000128362793542929
566666666666.667,2.72728251628076,0.00467207734147655,0.0148443555064331,0.000130905829236746
567000000000,2.72584372882899,0.00459703034599524,0.0148080100319063,0.00014000829184969
567333333333.333,2.72522610550105,0.0045625925895003,0.0145616817490296,0.000131418601562323
567666666666.667,2.72541583481402,0.00452821871235306,0.0143199540129839,0.000120852134177568
568000000000,2.72602838294605,0.00452655384200682,0.0143244823374827,0.000121787819345952
568333333333.333,2.72580567261026,0.00451405146330149,0.0145655235738471,0.000111017724262639
568666666666.667,2.72543147513502,0.00449844349609207,0.0144373729303889,9.19604826999616e-05
569000000000,2.72528788658819,0.00444285015903097,0.0141833920089484,8.91562302114775e-05
569333333333.333,2.72521513811707,0.004443311172086,0.0141118664884258,9.17801447859813e-05
569666666666.667,2.7257154980392,0.00446348068712269,0.0141516598044208,8.63916500757872e-05
570000000000,2.72514254396311,0.00429865013583539,0.0143307907314864,0.000103457916018493
570333333333.333,2.72406246488181,0.00429327364378974,0.0143876760205969,0.00011641427106748
570666666666.667,2.72363860489263,0.00431609736022303,0.0143129838586925,0.000103881624954992
571000000000,2.72347943436287,0.004339264844976,0.0142964358039157,9.47429346494673e-05
571333333333.333,2.72306186236633,0.0043813915906309,0.0141790867633319,9.84139442773775e-05
571666666666.667,2.72309545964406,0.00443808546035859,0.0140111300852892,0.000101706878208603
572000000000,2.72330060849996,0.00443020598574048,0.0139056307387925,0.000100044963962367
572333333333.333,2.72330624549251,0.00444722743842278,0.0138613010020998,0.000114176860656115
572666666666.667,2.72305249329219,0.00451035831720245,0.014006305081569,0.000125343179351999
573000000000,2.72255769474395,0.00453333808000455,0.0141504320067992,0.000110980080501071
573333333333.333,2.72194353592291,0.00453845920429437,0.0141423351869706,9.12506245997719e-05
573666666666.667,2.72160647687979,0.00453587087692795,0.0140901070311268,9.8519087405132e-05
574000000000,2.72141194440101,0.00454222645363397,0.0140467566912155,0.000102626524721094
574333333333.333,2.72154026225814,0.00455083114441156,0.0141638661574846,9.6613548130777e-05
574666666666.667,2.7213712462675,0.0045766267507418,0.0141887606906814,0.000105086622913211
575000000000,2.72061587421549,0.00458236331634246,0.0142020031042358,0.000120322138271339
575333333333.333,2.72000437672328,0.00470709978987192,0.0140828107553357,0.000137429903773661
575666666666.667,2.71996102632564,0.00477947723862034,0.0138672453008746,0.000153925540997881
576000000000,2.72008455428267,0.00479544672156929,0.01397709614158,0.000173754127746905
576333333333.333,2.71980985186773,0.00486957546779579,0.0141455958006834,0.00016819737591936
576666666666.667,2.71947590316849,0.00493830117176628,0.0142713331268263,0.000131553583664455
577000000000,2.71928192162352,0.00498683772061243,0.01435197589586,0.000107722823302051
577333333333.333,2.71909508278122,0.00506802656982615,0.0143372098420598,0.000106656506032949
577666666666.667,2.7189166051022,0.00507149289512328,0.0143887549875367,0.000113991346864079
578000000000,2.71875172827298,0.00512055223666269,0.0143434937218505,0.000125824270945487
578333333333.333,2.71842431398786,0.00514037867257421,0.0143815319096642,0.00013691997518051
578666666666.667,2.71783501058756,0.00523756476227172,0.0144188789995661,0.000155824846571754
579000000000,2.71762844094134,0.00529106099984833,0.0142696237464756,0.000170365709959159
579333333333.333,2.71815011626338,0.00532097885383665,0.0143445235931803,0.000170352424737023
579666666666.667,2.71816928995652,0.00536975307559581,0.0145323732347074,0.00015551564505535
580000000000,2.71814187716778,0.00543997069392517,0.0146174051008936,0.000137638778380802
580333333333.333,2.71813033101167,0.00551675383285337,0.0146986454469988,0.000128468795454116
580666666666.667,2.7178918454316,0.00557698743435748,0.0147463391561477,0.000127975354457031
581000000000,2.71774276896334,0.00560580843636969,0.0147727808995835,0.00014865103673602
581333333333.333,2.71771853758561,0.00564179862138145,0.0147126433277809,0.000165686986274297
581666666666.667,2.71771678580278,0.00569880183382903,0.0147417869441271,0.000165744209370034
582000000000,2.71775145151477,0.00580647996420921,0.0148501124664842,0.000159084509861865
582333333333.333,2.7179138407922,0.00590717143303841,0.0148785922024608,0.000152582404179244
582666666666.667,2.71814152445498,0.00596515935791845,0.0150530630147838,0.000140423332979953
583000000000,2.71789006457412,0.00596556603150209,0.0150912025783144,0.000123838861986568
583333333333.333,2.71820753785747,0.00603555667590661,0.0150697554027306,0.000113779814194237
583666666666.667,2.71844009957757,0.0060192563002932,0.0151033449174683,0.000113153133175241
584000000000,2.71860370318302,0.00605760223135717,0.0151897687669459,0.000136517293382047
584333333333.333,2.7183755886202,0.00605969687705071,0.0154014570813774,0.00016434461842907
584666666666.667,2.71797299041969,0.0060759286766831,0.0153479096202002,0.000178924112377399
585000000000,2.71821163100902,0.00608034040085949,0.0151983241021178,0.000184110733590228
585333333333.333,2.71889896825911,0.00617080274815733,0.015087916235776,0.0001723641461943
585666666666.667,2.72026598881461,0.00633232371448873,0.0152252237948981,0.000151571073643815
586000000000,2.7205117270727,0.00635412522063423,0.0156578652296265,0.000127843442453217
586333333333.333,2.71988299164146,0.00626520738652741,0.0157611285790538,0.000108766731180732
586666666666.667,2.71927369285124,0.00620851658715203,0.0156702144785008,0.000101908885052414
587000000000,2.71927472370915,0.00617872776616574,0.0154534298079217,0.000108730179096604
587333333333.333,2.72013987568986,0.0061531871598443,0.0153159553098443,0.000133137757855781
587666666666.667,2.72057542788423,0.00613037733705344,0.0155451466941357,0.000166428223447115
588000000000,2.72053048247089,0.00613475072565985,0.0156965301233706,0.000193010692584016
588333333333.333,2.72057910374616,0.00615125023650587,0.0155512239480208,0.00021218000689949
588666666666.667,2.72106410031146,0.00617556907480147,0.0152005649350439,0.000223957684724117
589000000000,2.72254547164863,0.00623935523513351,0.0150789323116545,0.000217539553030622
589333333333.333,2.7233880861844,0.00619742380534736,0.015497282603833,0.000177305418190877
589666666666.667,2.72311978638534,0.00603783100312911,0.0157497640779593,0.000151117581717878
590000000000,2.72260387879954,0.00594206324046287,0.0158617110354061,0.000140902988342456
590333333333.333,2.72228524614928,0.00588682180021571,0.0156616623857853,0.000146538439751334
590666666666.667,2.72300652550886,0.00582699971558888,0.0154055203246675,0.000156455217448355
591000000000,2.72383204954161,0.00575916748859423,0.015579156638479,0.000174249729701285
591333333333.333,2.72386927211396,0.00573523700891099,0.0156110407502386,0.000195849573516725
591666666666.667,2.723543800913,0.00568603451624307,0.0155168901985543,0.000230885035092887
592000000000,2.723764042055,0.00567901897656869,0.0151559349957181,0.000253167565821712
592333333333.333,2.7247392949393,0.00564134441488202,0.0147907552462139,0.000244540750071401
592666666666.667,2.72595641260269,0.00562242488794011,0.0151829850126943,0.000218098913373579
593000000000,2.72543304650286,0.00555017476026051,0.0153130725931038,0.00019373347804838
593333333333.333,2.72556008374802,0.00543988823784979,0.0153968253218171,0.00017797843721479
593666666666.667,2.72553655515785,0.00538990464853881,0.0153965374299947,0.000169672701338693
594000000000,2.72592768406219,0.00533783204122797,0.0153347779858001,0.000159765460271364
594333333333.333,2.72610832643219,0.00519475220521445,0.0157415566078174,0.000156889670203683
594666666666.667,2.72438352301446,0.00506426901908139,0.0157034247896111,0.000164045630942457
595000000000,2.72367545277638,0.00504027892063259,0.0150516066712904,0.000208921351328796
595333333333.333,2.72411647346008,0.00508357632878286,0.0143555598405846,0.000195544057950466
595666666666.667,2.72571017795621,0.00494012253376569,0.0137714907583611,0.000175551635643869
596000000000,2.72847163108671,0.00491388857248665,0.0145024838887237,0.00016744860781214
596333333333.333,2.72720968535027,0.00486185721252873,0.0151026795321037,0.000141749105604297
596666666666.667,2.72618917519481,0.00475353561217167,0.015172197947055,0.000132314238003462
597000000000,2.72557166868464,0.0047245429020899,0.0149305643713034,0.000130499272112951
597333333333.333,2.72640065662697,0.00475945449061501,0.0146795086835811,0.000113490687610252
597666666666.667,2.7269751476898,0.00469590224803041,0.0152444612108903,0.000115700402782795
598000000000,2.72429231592576,0.00458856834317694,0.0153885918432355,0.000141502579417983
598333333333.333,2.72312516129836,0.00463525995177503,0.0145577890570009,0.000129982968792887
598666666666.667,2.72338204680629,0.00466528501186382,0.0139968950070682,0.000110848860523469
599000000000,2.72447870951107,0.00455422733359156,0.0131826342475018,0.000105291963268925
599333333333.333,2.72776878726174,0.00452771527746299,0.0137931302807705,9.01971416349228e-05
599666666666.667,2.72728743533152,0.00451509490341839,0.0146482559733662,8.2969487606675e-05
600000000000,2.72595130537958,0.0044578719139962,0.0148876774616226,8.48680003819846e-05
600333333333.333,2.7245934841921,0.00448219467392327,0.0147227133637522,7.74847543030878e-05
600666666666.667,2.72421454276137,0.00453704311672075,0.0141158531417099,7.2731509161189e-05
601000000000,2.72527409924257,0.00443294682580836,0.0142376328429356,0.000122079187421791
601333333333.333,2.72438917162294,0.00431365905234257,0.0141333920212919,0.000139743808200936
601666666666.667,2.72442111672672,0.00435966553001491,0.0142780278633272,0.000127965387427967
602000000000,2.72297090591281,0.00441358794938477,0.0145809793356036,0.00011331881575882
602333333333.333,2.72231335088715,0.00442549790818923,0.0137017552811313,0.000127015486305216
602666666666.667,2.72450699995573,0.00438511685131179,0.0139270486852538,0.000136966471059209
603000000000,2.72418811183342,0.00438141712231835,0.0145683708294957,0.00011040587431998
603333333333.333,2.72293539359798,0.00442764043336229,0.0147775432743922,8.28285714754026e-05
603666666666.667,2.72160290326837,0.00450043632808621,0.0145120389555072,9.71965479961469e-05
604000000000,2.72204504363382,0.00448218114793333,0.0139153283385755,0.000148279658913288
604333333333.333,2.72222106170964,0.00444693643089208,0.0144205447746319,0.000150346442753653
604666666666.667,2.72124826214862,0.0044854804795025,0.0143259509186942,0.000163174775732059
605000000000,2.72100565607765,0.00453532452850522,0.0142752652494631,0.000183602532496649
605333333333.333,2.72046954859005,0.00464550460309043,0.0140508384028171,0.000196935905658884
605666666666.667,2.72215537185997,0.00462338339709996,0.0139584741723945,0.000198930698168897
606000000000,2.72244986250427,0.00464041658491503,0.0149414211629407,0.000152181750805453
606333333333.333,2.72016164775671,0.00475613657866696,0.015202236039237,0.000124761994100107
606666666666.667,2.71867721976278,0.00486003806915605,0.0148560502826193,0.000148683699342714
607000000000,2.71844829276741,0.00488866808179657,0.0143166093265561,0.000182342749628793
607333333333.333,2.71934273971707,0.00484717357495868,0.0142678563846204,0.00020500200200103
607666666666.667,2.71926037482419,0.00487232874348099,0.0145014426267868,0.000222407103223831
608000000000,2.71884762619077,0.00489894591805501,0.0145449366752771,0.00023447616183532
608333333333.333,2.71855829139637,0.00496933714760605,0.0145786185109634,0.000227989250645812
608666666666.667,2.71897104763522,0.00499575568985839,0.0143769490053506,0.00022146568964833
609000000000,2.72005397208219,0.00498590419637642,0.0146332224327343,0.000195766528536995
609333333333.333,2.71971855277944,0.00507752610505801,0.0151944154099159,0.000160272739796439
609666666666.667,2.71851653278315,0.00522824729502754,0.015416843317883,0.000155412713254456
610000000000,2.71743402337094,0.00531263421394988,0.0153467118942174,0.000183224017708337
610333333333.333,2.71672425010769,0.00534224019441264,0.0150613631965113,0.000209765372446008
610666666666.667,2.71691624441892,0.00540456596969227,0.0148771788104255,0.000227387338284784
611000000000,2.7172342644458,0.00538774883951466,0.0148369275870405,0.000241301529396835
611333333333.333,2.71765488535022,0.00540352932729095,0.0149274684179411,0.000232962430934171
611666666666.667,2.71787023069226,0.00543391340086498,0.015056447184783,0.00020704749662881
612000000000,2.71811185575669,0.00554631807904125,0.015190810678829,0.00017281544416321
612333333333.333,2.71822201550719,0.0056352848369763,0.0153967047557517,0.000145409379298103
612666666666.667,2.71801745017272,0.0057328333055442,0.0155383313986227,0.000145460163781679
613000000000,2.71760344575843,0.00576819114773923,0.0156110938998177,0.000157320015455431
613333333333.333,2.71734375239419,0.00579249271175703,0.0156665210786443,0.000176788299620049
613666666666.667,2.71744118612329,0.00583043100714312,0.0156137759071065,0.000183472140807682
614000000000,2.7175438133071,0.00587623776303296,0.0156487081807425,0.000191096360977702
614333333333.333,2.71752562024565,0.00585849671976234,0.0156609620600704,0.0001896693352569
614666666666.667,2.71769520198161,0.00589952842660944,0.0155919777516507,0.000176428135108147
615000000000,2.71794391249921,0.00589053276833867,0.0155307852684852,0.000153494786148635
615333333333.333,2.7187753243726,0.00599364818647768,0.0155640160941702,0.00013773442029321
615666666666.667,2.71923532924803,0.00606960782957349,0.0158000854982173,0.000127945887006066
616000000000,2.71910500206308,0.00611841657113926,0.0160925630061266,0.000128195826845589
616333333333.333,2.71876093424026,0.00616787627100011,0.0162472651516991,0.000129188794801591
616666666666.667,2.71830842219442,0.00615785599904617,0.0162023059888143,0.000129727383820442
617000000000,2.71860977177676,0.00611756879056537,0.0160428148199982,0.000138537437872384
617333333333.333,2.71955697539408,0.00613623199185412,0.0160516244604539,0.000149607008449371
617666666666.667,2.71989664331857,0.00609889980471358,0.0162220084743161,0.000160911226584548
618000000000,2.7196610847216,0.0060556291381509,0.0163034132800627,0.000165074053671129
618333333333.333,2.71965498114516,0.00602011529704769,0.0160227685228701,0.000174239714655012
618666666666.667,2.72038470380935,0.0060947615976703,0.0158147328515043,0.000192881636693003
619000000000,2.72180510326508,0.00616138024788029,0.015809264075272,0.000196505725693047
619333333333.333,2.72285103565286,0.00621753307057056,0.0162807482227132,0.000182559438858322
619666666666.667,2.72233570211604,0.00618417139678447,0.0167081983515609,0.00017136405399129
620000000000,2.72149928590198,0.00611778245571477,0.0167120281633823,0.000173912182709956
620333333333.333,2.7212811020497,0.00604519100746786,0.0163496653284684,0.000184043392038432
620666666666.667,2.72220359080827,0.00598605877444866,0.0160181421914259,0.000196913585838496
621000000000,2.72342210898376,0.00592082213644855,0.0162890792079864,0.000197745180580469
621333333333.333,2.72305145628828,0.00581987074454603,0.016445159608849,0.000218879555317426
621666666666.667,2.722535103209,0.00567354671575701,0.0162687748766745,0.000234628725449938
622000000000,2.72265088874953,0.00559022064536834,0.0158562567967923,0.000249114694519272
622333333333.333,2.72427796738043,0.00559958977321647,0.015616288898948,0.000267339460085717
622666666666.667,2.72604887836008,0.00563019925694385,0.015972075606281,0.00025468561718969
623000000000,2.72588523778306,0.00561321845820116,0.0165676047047278,0.000223951812488671
623333333333.333,2.72453741160958,0.00548261854926023,0.0166409232579192,0.000223301546193405
623666666666.667,2.72377032101349,0.00540897771055628,0.0162569290449835,0.000232770678334021
624000000000,2.72439222348621,0.00534338854236674,0.0158120494914534,0.000221595797046681
624333333333.333,2.7252640967186,0.00520681685709263,0.0157710697966848,0.00021137299022858
624666666666.667,2.72523027065567,0.00509269792098346,0.0160679329082004,0.000218699854517719
625000000000,2.72432786765762,0.00499274318940533,0.016016262914743,0.00022691871943405
625333333333.333,2.7243205977206,0.0049576175957858,0.0155295986028545,0.000237491068519507
625666666666.667,2.72560771346163,0.00495821025364394,0.0153060867713028,0.000232548138649746
626000000000,2.72671725221729,0.00497684162986137,0.0156158513526048,0.000218313261020007
626333333333.333,2.72655475765623,0.00488310480064587,0.0160158636675931,0.000198005102066386
626666666666.667,2.72538237619976,0.00480670927378613,0.0159930911879888,0.000179948416234445
627000000000,2.72476907325775,0.00476028981088586,0.0156342514510553,0.00016510166016921
627333333333.333,2.72497693951264,0.00469527881735721,0.0153707797960225,0.000157135094193239
627666666666.667,2.72529482261037,0.0046130879752395,0.0152465143968559,0.000150628039808679
628000000000,2.72541546953032,0.00461097355589083,0.0152317379969039,0.000151378351519447
628333333333.333,2.72524465750537,0.00458747239335549,0.0151706841127956,0.000154090375091177
628666666666.667,2.72544349965285,0.00454225233174379,0.0151589317249845,0.000152297879877982
629000000000,2.7257485195315,0.00454928897800266,0.015225857057133,0.000145042327984446
629333333333.333,2.72530573934597,0.0045276221564593,0.0154055110053842,0.000131153887711291
629666666666.667,2.72445976094214,0.00446156661435583,0.0154596582148108,0.000131065063339346
630000000000,2.72360764783292,0.00445149165842377,0.0151986227260969,0.00011232977089632
630333333333.333,2.72375086005774,0.0043613169108624,0.0147879504441154,8.6142711335864e-05
630666666666.667,2.72422196007131,0.00432581892962594,0.0146927973524838,7.53124416539374e-05
631000000000,2.72407902170175,0.00429900164509435,0.0147809452532653,7.04127532984485e-05
631333333333.333,2.72433932834206,0.00431017380902599,0.0147681060426515,6.81883656593533e-05
631666666666.667,2.72433135451142,0.00430807750089595,0.0148041682872036,6.24663059078799e-05
632000000000,2.72394774460406,0.00429128014999299,0.0149407694446713,6.02767556590649e-05
632333333333.333,2.72340762802414,0.00435956621935838,0.0150506960642102,6.61839350097692e-05
632666666666.667,2.72253734787451,0.00436556892610321,0.0150496703165052,7.79064166852971e-05
633000000000,2.72201532150297,0.00436339047363457,0.0148527309420035,8.06481996730518e-05
633333333333.333,2.72175754424873,0.00435078395553752,0.0146379506048745,8.24399226938079e-05
633666666666.667,2.72196992819761,0.0043619645912221,0.0145515903855902,7.40813388583457e-05
634000000000,2.72217567416818,0.00434624175394671,0.0146861622564326,5.71005280746323e-05
634333333333.333,2.72165288158716,0.00436166046227917,0.0147145502610334,6.15739232190733e-05
634666666666.667,2.72146438331265,0.00436907241461626,0.0145439099638674,7.73102465516811e-05
635000000000,2.72177252835426,0.00437766683099224,0.0145944230269728,8.84973246034427e-05
635333333333.333,2.7214561823073,0.00442817209268589,0.0148658057384267,9.02364076749895e-05
635666666666.667,2.72067764904557,0.00446825543281502,0.0150212572529567,0.00010061431125339
636000000000,2.71954396465606,0.00451984912081589,0.0149916719679441,0.000103604735725745
636333333333.333,2.71897976530899,0.00460301457775784,0.0145705149250738,0.000108348519551624
636666666666.667,2.71985606339891,0.004615140508258,0.0143486263476497,0.000124084725868797
637000000000,2.72054093854882,0.00462077545685214,0.0147141050707364,0.00012012784055476
637333333333.333,2.72004724470503,0.0046726732407886,0.0151342299597388,0.000106755555556427
637666666666.667,2.71862021149892,0.00479687987632462,0.0152528493386074,0.000109684292917302
638000000000,2.71762180596036,0.00485753463811595,0.0148662638787201,0.00013270299055528
638333333333.333,2.71825975272857,0.00482211862788233,0.0145612159205194,0.000159585319470645
638666666666.667,2.71857830811946,0.00483110047603813,0.0148270527453844,0.000161309787785319
639000000000,2.71827256613653,0.00486966557895231,0.0150991441128908,0.000153693479965546
639333333333.333,2.71736889671447,0.00494645788691316,0.0152206581603247,0.000144081276516727
639666666666.667,2.71698375647866,0.00499482522940547,0.0150031392377919,0.000149918203054761
640000000000,2.71774326039513,0.00504882518310651,0.014880991025395,0.000144205561613092
640333333333.333,2.71818556405855,0.00517283459802735,0.0152661068101163,0.00014076966846454
640666666666.667,2.71769210200651,0.00525769939901119,0.0155198776212152,0.000144697545214329
641000000000,2.71704399798507,0.00534051330969229,0.0155609027705457,0.000160149820750376
641333333333.333,2.71641489779928,0.00537692619098546,0.0154667220434122,0.000171490718410357
641666666666.667,2.71672675666429,0.00542739019622491,0.015253648851292,0.000186358666729909
642000000000,2.71715164131825,0.00545820632352808,0.0154412696309954,0.000179984808874152
642333333333.333,2.71714473173447,0.00553396240103402,0.0156952826597539,0.000173597480486249
642666666666.667,2.71668874174262,0.00552617318128954,0.0157238050098588,0.0001643808772196
643000000000,2.71680233898537,0.00558632546997223,0.0157006889469302,0.000142182857953699
643333333333.333,2.71733337678929,0.00565517069846284,0.0157084734048995,0.000131060855224366
643666666666.667,2.71761689519118,0.00577952160487529,0.0159723979584492,0.000142762545729635
644000000000,2.71725914687025,0.00587941207473687,0.0162084281994047,0.000161040425498946
644333333333.333,2.71681229672696,0.0058850638354895,0.0162064696370088,0.000170432195556977
644666666666.667,2.71659623395552,0.00588701313849472,0.0160879698195138,0.000165506915570483
645000000000,2.71690833442933,0.00595896507973767,0.0159868267590971,0.000151483164402326
645333333333.333,2.71763178353867,0.006048573630088,0.0161180963615407,0.000137133718355326
645666666666.667,2.71791551088517,0.00611296435458864,0.0163565690096715,0.000125157775438494
646000000000,2.717863190804,0.00611800635255505,0.0164595667886318,0.000122524009223754
646333333333.333,2.71784352280665,0.00612693965186928,0.0163889088019819,0.000120978931364942
646666666666.667,2.71856876784941,0.00627127689977093,0.0164541571346121,0.00012840209624932
647000000000,2.71894348672925,0.00628224592939619,0.0166705989952978,0.000140767207439292
647333333333.333,2.71845609671538,0.00619190300750269,0.0168054995633927,0.00015527614047966
647666666666.667,2.71838005250474,0.00619869165926672,0.0168279598002893,0.000156941734666666
648000000000,2.71856853825269,0.00623486257304188,0.0167613853318178,0.000146238028885498
648333333333.333,2.71879917512898,0.00621019954412652,0.016630279959399,0.000137654859370528
648666666666.667,2.71968283184106,0.00623896731396997,0.0165700531310112,0.000141023623796266
649000000000,2.72040467285502,0.00626670255844408,0.0167050319263134,0.000155671686348191
649333333333.333,2.72075803138063,0.00627427767847811,0.0168597687166252,0.000167076203937472
649666666666.667,2.72101471212153,0.00622208659999607,0.0169303567654644,0.000178731780482509
650000000000,2.72076797071944,0.00615046294329949,0.0170454883231117,0.000184127642050216
650333333333.333,2.72069505306377,0.00607767283591387,0.017007295593141,0.000193080224369432
650666666666.667,2.72104477597954,0.00607855058097484,0.0168651008868299,0.000211376314488958
651000000000,2.721579385046,0.00606944917432153,0.0168271500210644,0.000207910057351202
651333333333.333,2.72225917411985,0.00606448023005492,0.016828936502894,0.000206533354001089
651666666666.667,2.72266382828896,0.00602426541589499,0.0169490206930578,0.00021666759693116
652000000000,2.72265768770761,0.00600414059055247,0.016921457329385,0.000233333224905659
652333333333.333,2.72269388889587,0.00589278158723914,0.016693384944695,0.000246285897661911
652666666666.667,2.72377735789833,0.00585845531844854,0.0164859848601556,0.000251249381812786
653000000000,2.72475477119774,0.00574197401576997,0.0167059797161351,0.000244526546441038
653333333333.333,2.72456894570891,0.00563771320012844,0.017039242054998,0.000238737533935704
653666666666.667,2.72380915801206,0.00555122324363829,0.0170493557709291,0.000234903070397775
654000000000,2.72351101124893,0.00546794666045614,0.0167965037581253,0.000237420070911683
654333333333.333,2.72428177662416,0.00546910733891333,0.0165193938649527,0.000235464312440573
654666666666.667,2.72502447642913,0.00541600990961909,0.0164898696256379,0.000243974609713332
655000000000,2.72538946156324,0.00533083852060599,0.0165418986429734,0.000250687040774377
655333333333.333,2.72543671127113,0.00530160419797984,0.016585382317245,0.000253623975524305
655666666666.667,2.72500167486747,0.00518904994608098,0.0163987509176351,0.000247939891851389
656000000000,2.72548999129117,0.00509340503741147,0.0160901347498343,0.00023815630245705
656333333333.333,2.72622889040923,0.00501752857453275,0.0161628979614404,0.000219434543159398
656666666666.667,2.72619520745638,0.00489068684830356,0.0162708029470358,0.000188891349257589
657000000000,2.72645363292935,0.00482049606993584,0.0164092564505103,0.000178871989178506
657333333333.333,2.72583771460965,0.00479591748140836,0.0166412562256321,0.000178794605954197
657666666666.667,2.72471806045094,0.00470636463768848,0.0164073832793429,0.000190008492622126
658000000000,2.72461941692526,0.00467568238281974,0.0159036061796523,0.000187202232246339
658333333333.333,2.72515627740356,0.00461027854731538,0.0156169621544189,0.000183221732512817
658666666666.667,2.72606520072608,0.00457984788466692,0.0157079752668444,0.000187266599111292
659000000000,2.7254704589664,0.00455715106764188,0.0159549073343147,0.000179306037450774
659333333333.333,2.72444385435581,0.00446795723363182,0.0156738802891384,0.000159803812948672
659666666666.667,2.72493996836694,0.0043873638608173,0.0153096631648805,0.000137094537085919
660000000000,2.72622379626461,0.00430984506201851,0.0152374993393865,0.000124903348358472
660333333333.333,2.72728871272805,0.00431888953290519,0.0159306369828212,0.000138180156844596
660666666666.667,2.72507289656817,0.00431048549636885,0.0163997399294137,0.000143762491236134
661000000000,2.72327804841378,0.00431800117539729,0.0158706410226887,0.000144767254398306
661333333333.333,2.72345261846385,0.0043011538810818,0.0153407647270973,0.000125558315656249
661666666666.667,2.72378792212435,0.00427566714329419,0.0150814677728218,0.000104625705429427
662000000000,2.72437183572515,0.00426944520185067,0.0151736837122438,9.35264324959345e-05
662333333333.333,2.72379544280999,0.0042450652864106,0.0153866112202609,8.12854248842466e-05
662666666666.667,2.72339005917834,0.00429543408443687,0.0152109489480607,7.21395971123871e-05
663000000000,2.72359290962216,0.00414161105906135,0.015237109065902,6.76608009271031e-05
663333333333.333,2.72358484247371,0.00417162945598447,0.0154375671984274,6.70091192124842e-05
663666666666.667,2.72285338621009,0.00421738811369706,0.0155980095418074,7.00826803338169e-05
664000000000,2.72179984471447,0.00426208062971407,0.0154473511442093,7.33547708377451e-05
664333333333.333,2.72151239326423,0.00426220758537159,0.0150285512306609,8.16033937116245e-05
664666666666.667,2.72202431742743,0.00423333003187963,0.0149905223089094,9.59713963005454e-05
665000000000,2.72190274064949,0.0042247113364766,0.0151805324188451,9.43178234224675e-05
665333333333.333,2.72148401160651,0.00425794694618343,0.0153752928461206,8.68867710362477e-05
665666666666.667,2.72064968685327,0.00427754410311124,0.0154235550102627,9.27649583223162e-05
666000000000,2.72024595271829,0.00431588598152398,0.0153575487733574,0.000105118360218318
666333333333.333,2.72005255009525,0.00430506770288528,0.0153552102652413,9.66311578202006e-05
666666666666.667,2.71992127969499,0.00432980085815178,0.0153712655540674,9.14678334968197e-05
667000000000,2.71923791230807,0.00436122566196748,0.0153047569447313,0.000105416177250253
667333333333.333,2.7189883718956,0.0043832209232098,0.0151224564622397,0.000130658258234404
667666666666.667,2.71909479424007,0.00438067965579647,0.0151828113241327,0.000138707805548151
668000000000,2.7186993874521,0.00443126780052286,0.0152843820675852,0.000142962976518212
668333333333.333,2.71846099309768,0.00445963715439442,0.0153073663661019,0.00015484017770996
668666666666.667,2.71832949294601,0.00455030436129321,0.0154631413444493,0.00016114302483095
669000000000,2.71816921218812,0.00459627068018297,0.015589695531353,0.000153222654707803
669333333333.333,2.71791896900149,0.00464405820578119,0.0157519017789305,0.000154671985256261
669666666666.667,2.71717773435065,0.00469125953061512,0.0157385503504646,0.000162287195754614
670000000000,2.71671468701795,0.00475927305789602,0.0155043820571317,0.000171964456278183
670333333333.333,2.71712101085397,0.0047987725683887,0.0153813654306145,0.000187172189320324
670666666666.667,2.71739415963252,0.00480897087215238,0.015425694445786,0.000196356036956019
671000000000,2.71720268821129,0.00485760828716621,0.0157487657740743,0.00019580342067357
671333333333.333,2.71643927161488,0.00500186488210567,0.0159108966301325,0.000198564586909561
671666666666.667,2.71591002503735,0.00504335856720164,0.0158179879240454,0.000201072818861719
672000000000,2.71632618515579,0.0051589335589947,0.0157709101346322,0.000196568309338923
672333333333.333,2.71675946026881,0.00523769034218988,0.01595088224423,0.000182776231142769
672666666666.667,2.71664995566754,0.00530455664160117,0.0162527822556541,0.000173890728323448
673000000000,2.71600062441392,0.00533059163015699,0.0163179229973588,0.000168389130692831
673333333333.333,2.71543473641563,0.00530602377379075,0.0161442701754002,0.000175848397189601
673666666666.667,2.71583876955384,0.00532349152679529,0.0160282442988996,0.0001905977939584
674000000000,2.71631619825197,0.0053396963662686,0.0161579239025772,0.000182948119930084
674333333333.333,2.7162726253522,0.00542070865125002,0.0164268402677716,0.000176244009539497
674666666666.667,2.71592194718932,0.00551909887540593,0.0166059119604504,0.000176643015427654
675000000000,2.71564312917143,0.00562245525424078,0.0165899373099034,0.000172315829941583
675333333333.333,2.71550092997318,0.00554229389546817,0.0164854063518393,0.000153786117642052
675666666666.667,2.71645935803141,0.00565928321972457,0.0165486215678192,0.000134600800796071
676000000000,2.7164523267767,0.00566972910211871,0.0167510844177041,0.000120745672077728
676333333333.333,2.71626483356907,0.00569783781115022,0.0168677363290308,0.000115936844620088
676666666666.667,2.71606322223995,0.00569372827144507,0.0168860273835035,0.000118267374737956
677000000000,2.71624328384782,0.00568114535132467,0.0168441472942479,0.000126761246153677
677333333333.333,2.71649475315115,0.00567271792313793,0.0169515553114256,0.000132044660405762
677666666666.667,2.71673274781384,0.00570557102811958,0.0170716459453095,0.000132713174622852
678000000000,2.71671365954405,0.00575886847304531,0.0171459301583083,0.000128614737439521
678333333333.333,2.71702043821358,0.00579327426916857,0.0170247554448791,0.00012643166661835
678666666666.667,2.71773302664194,0.0057778877692333,0.0170231578070124,0.000133338120279107
679000000000,2.71807788636752,0.00585822538385569,0.0171617382716108,0.000135730816536032
679333333333.333,2.71799731850357,0.00582042262245261,0.017219585326509,0.000136406126185883
679666666666.667,2.71783024741192,0.00587298771065642,0.0172260408574654,0.000147168751188802
680000000000,2.71817809710715,0.00588182652658138,0.017125731060073,0.000159532788963211
680333333333.333,2.71899067791641,0.00584008824178964,0.0172327092546973,0.000171264001175722
680666666666.667,2.71934493395515,0.00583709668862535,0.0174655483572009,0.000177989077563985
681000000000,2.71925547369552,0.00577010162050952,0.0176340548458571,0.000183235457467403
681333333333.333,2.71881784731517,0.00570765122149685,0.0174986106440988,0.000192083133159319
681666666666.667,2.71917479020799,0.00563556416808005,0.017030584682841,0.000205393233671683
682000000000,2.72047548117823,0.00558564006289247,0.0169739861944068,0.000220196298224271
682333333333.333,2.72119981694894,0.00556832090710501,0.0170492516700286,0.000245172983942989
682666666666.667,2.721614099602,0.00558985837239657,0.0172814979708779,0.00026246450756725
683000000000,2.72122345197572,0.005596674891574,0.01735435312976,0.00026183058432801
683333333333.333,2.72154809314725,0.00556974275369971,0.0172227323879029,0.000272495188145359
683666666666.667,2.72222569465753,0.00557925664438025,0.0172396100295665,0.000283081106315886
684000000000,2.72256340319804,0.00550557177518365,0.0173596790367994,0.000272878495898905
684333333333.333,2.72203583349473,0.00537120440616758,0.0174464157415567,0.000260555727224107
684666666666.667,2.72138093798597,0.00526855054011387,0.0170980473577383,0.000263426443871086
685000000000,2.72219407900442,0.00513345258464213,0.0165570635884654,0.000279768875462532
685333333333.333,2.72358781696899,0.00506610187224781,0.0165201754728869,0.000295076056312979
685666666666.667,2.72426251427893,0.00500550497721656,0.016744133459955,0.000294744035426808
686000000000,2.72423330162907,0.00495195499388135,0.0170832293116651,0.000295594713504563
686333333333.333,2.72334765510008,0.00488997570684869,0.0170045029458273,0.000291689502542043
686666666666.667,2.72394680789031,0.00479610520877724,0.0166843471431408,0.000296272753244004
687000000000,2.72464140956763,0.00470096722277037,0.0167818319421808,0.000272043185554429
687333333333.333,2.72411228061719,0.00460414453482531,0.0169247167307252,0.000259312283840179
687666666666.667,2.7231054886791,0.00448119989936908,0.0167323538463579,0.000246025939686639
688000000000,2.72271195018651,0.00434399061909537,0.0162115489971222,0.000234498362150562
688333333333.333,2.72399322678095,0.00431151311269316,0.0158303821022821,0.000231476008265061
688666666666.667,2.72493367454874,0.00428958615369951,0.0160923453814887,0.000236542494490628
689000000000,2.72481702298303,0.00427727823758476,0.0164348654885704,0.00024719054737649
689333333333.333,2.72403220731424,0.00428725469032203,0.0165430120443384,0.000238395031032423
689666666666.667,2.72378222799579,0.00428105442968556,0.0163314716679106,0.000216042555609757
690000000000,2.72438770402949,0.00418747397891121,0.0161803409583987,0.00019655544548205
690333333333.333,2.72383329010681,0.00408276952866801,0.0164301496394288,0.000180329523109134
690666666666.667,2.72259492528921,0.00404115399299673,0.0162928632493188,0.00016875771745339
691000000000,2.72174478023932,0.0039981676923553,0.0157754033123888,0.000134659490232029
691333333333.333,2.7226101410258,0.00388989912997738,0.0152908003725385,0.000110400235249623
691666666666.667,2.72404016662662,0.00386259095461852,0.0155083264164326,0.000122163409458106
692000000000,2.72361995919487,0.0038298694775083,0.0161919933475304,0.000152618188202099
692333333333.333,2.7218985938102,0.00393817857224264,0.016393041344918,0.000161549163446127
692666666666.667,2.7207320426431,0.00399162030269781,0.0159141237793314,0.000135662590794719
693000000000,2.72145471108515,0.0039300974786249,0.0153036646609158,0.000106298835331329
693333333333.333,2.72290023365689,0.00382635803880525,0.0154826572403618,9.31450071094073e-05
693666666666.667,2.72213991168802,0.00379398870200937,0.0160039969003707,8.79247782218319e-05
694000000000,2.72045416813931,0.00383375188075091,0.0160273133152897,7.16185168568228e-05
694333333333.333,2.71923243171452,0.00387456975289061,0.0155728719640772,6.35099780671187e-05
694666666666.667,2.71978295671367,0.00383795493296461,0.0149888244938548,8.48309233730423e-05
695000000000,2.72154425790558,0.00378079607095097,0.0151578952468965,0.000107208211571319
695333333333.333,2.72157210016227,0.00380278349253622,0.0158540821434047,0.00010115631761114
695666666666.667,2.72005969995713,0.00390904579332138,0.0162176758209133,9.0904198582345e-05
696000000000,2.71855330880967,0.00396956592191805,0.0158923694995037,8.46219900559806e-05
696333333333.333,2.7184813299627,0.00395107040486991,0.0152388950659652,9.39581328555472e-05
696666666666.667,2.71980689610814,0.00387428258490503,0.01517909523945,9.9505033885122e-05
697000000000,2.71981093183757,0.0038698307491136,0.0155544464287225,8.75044207982019e-05
697333333333.333,2.71894187231229,0.00394973108776835,0.0159040329600298,8.87754352066591e-05
697666666666.667,2.71748837787388,0.00403156408383796,0.0158807101052872,0.000106894434144006
698000000000,2.71693261124615,0.00407253881265402,0.015423810546976,0.000131768393907799
698333333333.333,2.7180665683268,0.00405091331116292,0.0153179471338354,0.00013713858076627
698666666666.667,2.71874228447495,0.00415707602166613,0.0156857808104244,0.000116576923706812
699000000000,2.71824814271038,0.00425136007924107,0.0160635231455509,9.72397152305285e-05
699333333333.333,2.71708521644153,0.00430746153972239,0.0161260174719731,0.000103714391597714
699666666666.667,2.71630654768312,0.00434228797148706,0.0157537760409659,0.000127611361023152
700000000000,2.71680841647193,0.00431017363276921,0.015500157005579,0.00015654961815979
700333333333.333,2.71731357182163,0.0043044643990874,0.0156193940915049,0.000167467540091254
700666666666.667,2.71728019748887,0.00435836669746566,0.0160598108159659,0.000159957584063287
701000000000,2.71628493955434,0.00446982641731794,0.0163994249840209,0.000147819220241077
701333333333.333,2.71527089196529,0.00456381647412471,0.0162347587018526,0.000154194500199556
701666666666.667,2.71577788494252,0.00462409800468418,0.0160165068456983,0.000154287169899044
702000000000,2.7161097493445,0.0046971958437688,0.0161481193147372,0.000137629387417299
702333333333.333,2.71606604424606,0.0047495858560847,0.0163506489260275,0.000131992232338935
702666666666.667,2.71555491847786,0.00481000333359278,0.0164868198958746,0.000131322483941763
703000000000,2.71465714886409,0.00477668974875912,0.0163929497655052,0.000146528453408842
703333333333.333,2.71499420017799,0.00485509573070048,0.0162588919547796,0.000168455209959798
703666666666.667,2.71537536521057,0.00493611052136903,0.0164043080337137,0.000174699828294106
704000000000,2.71557255869004,0.0050007118403966,0.0166890761370153,0.000169721117395906
704333333333.333,2.71509684616016,0.00508693128736179,0.0169299486347787,0.000165507625575519
704666666666.667,2.71468956720363,0.00519388314558743,0.0168852131988309,0.000168386865242984
705000000000,2.71509901271,0.00525460868741923,0.0168139035520041,0.000162814130025464
705333333333.333,2.71519893755703,0.00530564200872147,0.0169213073168713,0.000161592407975012
705666666666.667,2.71521023681589,0.00536010083533016,0.0169939419015575,0.000154817900231336
706000000000,2.7151734560275,0.00540981174001257,0.0171157656415481,0.000146029518557656
706333333333.333,2.71494308683096,0.00542755334570603,0.0170648829166568,0.000131112117884398
706666666666.667,2.71574775451048,0.00556555299574095,0.0171112707710936,0.00013941539907075
707000000000,2.71606984290488,0.00562190826078556,0.0172829267718213,0.000153164039934925
707333333333.333,2.71631245711799,0.00563305891820189,0.0173777822519163,0.000164818672168698
707666666666.667,2.71641862064481,0.00573603321389333,0.0175040716218509,0.000180846962634955
708000000000,2.71659575888142,0.0057983492418874,0.0174422520464629,0.000199406268514583
708333333333.333,2.71730045969523,0.0058354851595024,0.0175876384562982,0.000201395857400685
708666666666.667,2.7167363618104,0.00580203675766707,0.0177487805909619,0.000194480916965428
709000000000,2.71671897752065,0.00576510769116143,0.0176399984389892,0.000180104919068692
709333333333.333,2.716754677189,0.00580193502818088,0.0177330800411972,0.000160656557403112
709666666666.667,2.71711276120469,0.0058551477033035,0.0175005658722013,0.00016932040269096
710000000000,2.71873173008153,0.00596508622571114,0.0177435495307877,0.000190607109273098
710333333333.333,2.71855228061237,0.00587558727723724,0.0180142947251622,0.000219126834692447
710666666666.667,2.71860981517651,0.00589506655582183,0.0179159738138211,0.000261513464301071
711000000000,2.71894142221286,0.00585465376121946,0.0177753581121013,0.000306028938762606
711333333333.333,2.71963228250738,0.00580689723043998,0.0175654206560831,0.000316549538221199
711666666666.667,2.72057092032346,0.00568973564397333,0.0178770427730214,0.000308274621473629
712000000000,2.71969651647602,0.00562204568592612,0.018098104223699,0.000299949661806725
712333333333.333,2.71927913514637,0.0055454076795561,0.0179470746144098,0.000300777638365538
712666666666.667,2.71930657521738,0.00554339802017852,0.0176687533282711,0.000307747559415675
713000000000,2.72089620823072,0.00556419739244789,0.0172149631708322,0.000346090951903742
713333333333.333,2.72277279368983,0.0056424527625188,0.0176897988274493,0.000352712180187354
713666666666.667,2.72215602581372,0.00556248628282125,0.0180416080635787,0.000359341217661945
714000000000,2.72131412095926,0.00543450976377378,0.0178822517006991,0.000376189317810556
714333333333.333,2.72106167061248,0.00539267679627606,0.0174870220989287,0.000389630772373089
714666666666.667,2.72207606966045,0.00527195161147959,0.0170595739616933,0.000385648716202964
715000000000,2.72355808276111,0.00514933031440742,0.0174092761820426,0.000380097737980383
715333333333.333,2.72325574153759,0.00506256685203043,0.0178678972730828,0.000372303503751789
715666666666.667,2.72172835023819,0.00493974143400615,0.0179303530045045,0.000383748120683152
716000000000,2.72045681448234,0.00492748505300599,0.0173323587190636,0.000392169703162371
716333333333.333,2.72296182129561,0.00492782024424988,0.0162763620037426,0.000405569876600358
716666666666.667,2.72592021876528,0.00487181913472874,0.0168808300993273,0.000396525604323841
717000000000,2.72509877444205,0.00477647263560186,0.0176236313516257,0.000378463717639264
717333333333.333,2.72315478705357,0.0047697737838267,0.0176932212599768,0.000373009197666138
717666666666.667,2.72170911477721,0.00469440936379075,0.0170785478984351,0.000357190730009416
718000000000,2.72300776192119,0.0045288748527334,0.0160710744128282,0.000347625789387252
718333333333.333,2.7256629644442,0.00442395366743662,0.0164739292386918,0.000347666624896113
718666666666.667,2.72498570180476,0.00432010715162599,0.0173927452839932,0.000348210807045956
719000000000,2.72260226197461,0.00430973607808011,0.0175151860178895,0.000348748569966716
719333333333.333,2.72111727202947,0.00430921366715471,0.0166371919995358,0.000321995291211536
719666666666.667,2.72340255413959,0.00424574389555891,0.0154828140064487,0.000289964747292822
720000000000,2.72640356682787,0.00409260841726799,0.0161487233332018,0.000281560808045421
720333333333.333,2.72463117604029,0.00407861208517148,0.0170819385610791,0.000280572975428518
720666666666.667,2.72238644508393,0.00410010621106948,0.0167667946089413,0.000258145070946305
721000000000,2.72180215697116,0.00408105321729065,0.0160137561454484,0.000222420737215449
721333333333.333,2.72363918373093,0.00394530233616783,0.0154000297111116,0.00020752089379913
721666666666.667,2.72523217289933,0.00386092076638774,0.0161452362333017,0.000202233471359019
722000000000,2.72351358156764,0.00388130370289483,0.0169734855638095,0.000207283381295236
722333333333.333,2.72098033979347,0.00393046500232558,0.0166480674044022,0.000192324968339816
722666666666.667,2.72051604050341,0.00384747166468309,0.015759651738499,0.000143929746361452
723000000000,2.72256970110151,0.00377929023444263,0.0154078381830657,0.00010533874967019
723333333333.333,2.7230932300232,0.00374794829079027,0.0159780161700824,0.000121223262679913
723666666666.667,2.72168203240909,0.00383635158164695,0.0162655935048222,0.000130176511482304
724000000000,2.72019548405219,0.00385268322848759,0.0157784362120321,9.1503621216416e-05
724333333333.333,2.72104489076634,0.0038130666865168,0.0154268804915922,5.25226634930636e-05
724666666666.667,2.72236533208071,0.00375519066705296,0.0157302816963437,4.94262437334909e-05
725000000000,2.72155370081976,0.0038014475662729,0.0163124810067977,6.67760850746893e-05
725333333333.333,2.72005584243769,0.00384329378167597,0.0163979137532471,6.71196436937615e-05
725666666666.667,2.71906564836334,0.00388990761140479,0.0160337012868349,8.27859031901808e-05
726000000000,2.7191970738944,0.00387196096380728,0.015757090628435,0.000111966589084845
726333333333.333,2.71948512189323,0.00381907185936716,0.0157004352995909,0.000121851705653645
726666666666.667,2.71872327183563,0.00385270431319111,0.0156803800764269,0.000115891007037964
727000000000,2.71864266306555,0.00392189816169425,0.0154929671078819,0.000119379907313378
727333333333.333,2.71948970168812,0.00395390907447045,0.0154950521878676,0.00012955720543903
727666666666.667,2.71972709755023,0.00394952069599706,0.0160288708626455,0.000117817944069319
728000000000,2.71892036973132,0.00402634564319761,0.0164609952846803,0.000116851372711698
728333333333.333,2.71737596453976,0.00408293419966647,0.0164443382385958,0.000133983349536511
728666666666.667,2.71712298078422,0.00406831429601505,0.0161328355371727,0.000170318233984986
729000000000,2.71715455261135,0.00406149187647823,0.0161246541765423,0.000204083697887901
729333333333.333,2.7163555846151,0.00407293939605613,0.0161590219439436,0.0002475343593304
729666666666.667,2.71606631626832,0.00402687548034608,0.0159591918827629,0.000256507194622513
730000000000,2.71604959111365,0.00403420698752117,0.0157074316916993,0.000238622922473476
730333333333.333,2.7172999888764,0.0040632351341958,0.0157168441721262,0.000238775841287831
730666666666.667,2.71806809250269,0.00419606097710146,0.0164331387694889,0.000218433839969708
731000000000,2.71675958284092,0.00432466174228787,0.0170380933900075,0.000194358142515444
731333333333.333,2.71518435576206,0.0044867726206035,0.0170771362945624,0.000205159130832436
731666666666.667,2.71411078000121,0.00450363903669907,0.0166055643393281,0.000245003672709185
732000000000,2.71495354526356,0.0045042471508605,0.0163253079397853,0.00026439962981338
732333333333.333,2.7150978019968,0.00460824889565163,0.0167973360763979,0.000297650253993591
732666666666.667,2.71388918508914,0.00467460328512434,0.0169340846886315,0.000330768215643509
733000000000,2.71308459114566,0.00454650374473954,0.0166834013934017,0.00032859166149616
733333333333.333,2.71358161806425,0.00461040719412178,0.0163387633255808,0.000301054056823211
733666666666.667,2.71560172259401,0.00475127325327127,0.0164565019841185,0.000267505129444484
734000000000,2.71636169784623,0.00487716802212116,0.0172833687084575,0.000241192319020748
734333333333.333,2.7150988610352,0.00498501495737586,0.0177851262775833,0.000235211489243448
734666666666.667,2.71347921324908,0.00505348709396378,0.0177297208094678,0.000244809836073716
735000000000,2.71272295711108,0.00512718843753183,0.0172047843235835,0.000257114886176421
735333333333.333,2.71372038824918,0.00521215947494619,0.017077961217063,0.000274307690979448
735666666666.667,2.71404431837748,0.0053921345504345,0.017577556406121,0.000303493586486798
736000000000,2.71323198411271,0.00538995541869641,0.0177820242828355,0.000326853281430729
736333333333.333,2.71277319949919,0.00541415281128799,0.0176260589872663,0.000288405838118891
736666666666.667,2.71326127827618,0.00544992779377897,0.0172986171377789,0.000224462997357376
737000000000,2.71510617990956,0.0057014679466612,0.0173920758418004,0.00020915495345491
737333333333.333,2.71602270869163,0.00574811265151617,0.0179642845320352,0.000220091459425985
737666666666.667,2.71525499395696,0.00580148319891905,0.0183958155128987,0.000228216273954507
738000000000,2.7142262692528,0.00580163991606387,0.0184349416183144,0.000223388387105147
738333333333.333,2.71395857154234,0.00588740416305643,0.0181316540898775,0.000221631632871348
738666666666.667,2.71492112970776,0.00585551306133957,0.0180647114469127,0.000210971035543577
739000000000,2.71559021210217,0.00592745806004248,0.0184026087821948,0.000211210820909513
739333333333.333,2.71528800520365,0.00595629467016321,0.018644082645585,0.000200062433407485
739666666666.667,2.71510059770236,0.00595875613714181,0.0185179386496045,0.000167525400991433
740000000000,2.71586798836382,0.0060069571292491,0.0182184058888096,0.000157614256547989
740333333333.333,2.71709612255291,0.00608892451648213,0.0182777779263396,0.000168512280377252
740666666666.667,2.71753073032119,0.0060936358307402,0.0186304490754696,0.000180569787231456
741000000000,2.71704318900835,0.00601702889459343,0.018850507284273,0.000174184401029922
741333333333.333,2.71650055446215,0.00592743724835496,0.0188489769878176,0.000163911707939365
741666666666.667,2.71666521795758,0.0059856078771512,0.0186789174090722,0.000156789536734201
742000000000,2.71766927976145,0.0060044351628031,0.018597803928223,0.000151304422987082
742333333333.333,2.71877443338561,0.00606749494764237,0.0186992783206344,0.000167100419186414
742666666666.667,2.71947408820162,0.0061436952655905,0.0188281855977144,0.00018973332260435
743000000000,2.71961945517648,0.00609152401062799,0.018821960114494,0.000217652493890904
743333333333.333,2.71998175740501,0.00596201031991142,0.0186147570340493,0.000241832979090701
743666666666.667,2.72044192414802,0.00591022283473932,0.0185939889978819,0.000235920527005892
744000000000,2.72028054362807,0.00579550735583103,0.0187314929521158,0.000205488286856702
744333333333.333,2.72009096510046,0.00567823093339306,0.0186265391483308,0.000214578343501941
744666666666.667,2.7203144119651,0.00571013389129273,0.0185766221817791,0.000245508401129756
745000000000,2.72073344698147,0.00582849770458596,0.018494165318907,0.000254494457784993
745333333333.333,2.72165928078232,0.00581528476040417,0.018321239809644,0.000274235648868178
745666666666.667,2.72282647230376,0.00577365054208841,0.0183094305135583,0.000306162794334271
746000000000,2.72340782323128,0.00570054025815756,0.0184459595373966,0.000313926342651684
746333333333.333,2.72330929928577,0.00546720186604654,0.018511768001282,0.000294697641117441
746666666666.667,2.72267577211324,0.00530915439290466,0.0184769001151174,0.000268757793839331
747000000000,2.72238318285009,0.00518413549110549,0.0182515186425876,0.000246147012580927
747333333333.333,2.72257112232521,0.00507229067029764,0.0181272369111838,0.000234451381258059
747666666666.667,2.723013325866,0.00501148506544059,0.0179501669664314,0.000243153511832078
748000000000,2.72367788577811,0.00502171169914882,0.0179410061116316,0.000278600396610823
748333333333.333,2.72396194628845,0.00516429698973205,0.0180595177224211,0.000274465242759861
748666666666.667,2.72423941465569,0.0051796702860104,0.0180065873409211,0.00027510672643665
749000000000,2.72475322679689,0.00512143690927906,0.0179889164187268,0.000273922398927165
749333333333.333,2.72461679351311,0.0050749286846829,0.0180029275320461,0.000243277793767085
749666666666.667,2.72431452257691,0.00491055859421701,0.0180393242916137,0.000214863576140045
750000000000,2.72332026518264,0.0046819312062721,0.0179977782450291,0.000187751208157259
